"Date","Commercial Banks: Loans to Consumer (TT$Mn)","Commercial Banks: Loans to Businesses (Private Sector) (TT$Mn)","Commercial Banks: Loans to the Public Sector (TT$Mn)","Commercial Banks: Production Loans to Private Sector (TT$Mn)","Commercial Banks: Agriculture Loans to Private Sector (TT$Mn)","Commercial Banks: Petroleum Loans to Private Sector (TT$Mn)","Commercial Banks: Manufacturing Loans to Private Sector (TT$Mn)","Commercial Banks: Food Drink and Tobacco Loans to Private Sector (TT$Mn)","Commercial Banks: Printing and Publishing Loans to Private Sector (TT$Mn)","Commercial Banks: Wood & related Product Loans to Private Sector (TT$Mn)","Commercial Banks: Chemicals and Non-Metallic Minerals Loans to Private Sector (TT$Mn)","Commercial Banks: Assembly-type and Related Industries Loans to Private Sector (TT$Mn)","Commercial Banks: Miscellaneous Manufacturing (TT$Mn)","Commercial Banks: Construction Loans to Private Sector (TT$Mn)","Commercial Banks: Service Loans to Private Sector (TT$Mn)","Commercial Banks: Distribution Loans to Private Sector (TT$Mn)","Commercial Banks: Hotels & Guest Houses Loans to Private Sector (TT$Mn)","Commercial Banks: Transport, Storage and Communication Loans to Private Sector (TT$Mn)","Commercial Banks: Finance, Insurance and Real Estate Loans to Private Sector (TT$Mn)","Commercial Banks: Electricity and Water Loans to Private Sector (TT$Mn)","Commercial Banks: Education Culture & Community Services Loans to Private Sector (TT$Mn)","Commercial Banks: Personal Services Loans to Private Sector (TT$Mn)","Commercial Banks: Leasing and Real Estate Mortgage Loans to Private Sector (TT$Mn)","Commercial Banks: Production Loans to the Public Sector (TT$Mn)","Commercial Banks: Agriculture Loans to the Public Sector (TT$Mn)","Commercial Banks: Petroleum Loans to the Public Sector (TT$Mn)","Commercial Banks: Manufacturing Loans to the Public Sector (TT$Mn)","Commercial Banks: Food Drink and Tobacco Loans to the Public Sector (TT$Mn)","Commercial Banks: Printing and Publishing Loans to the Public Sector (TT$Mn)","Commercial Banks: Chemicals and Non-Metallic Minerals Loans to the Public Sector (TT$Mn)","Commercial Banks: Assembly-type and Related Industries Loans to the Public Sector (TT$Mn)","Commercial Banks: Miscellaneous Manufacturing Loans to the Public Sector (TT$Mn)","Commercial Banks: Construction Loans to the Public Sector (TT$Mn)","Commercial Banks: Services Loans to the Public Sector (TT$Mn)","Commercial Banks: Transport, Storage and Communication Loans to the Public Sector (TT$Mn)","Commercial Banks: Finance, Insurance and Real Estate Loans to the Public Sector (TT$Mn)","Commercial Banks: All Other Service Loans to the Public Sector (TT$Mn)","Commercial Banks: Leasing & Real Estate Mortgage Loans to the Public Sector (TT$Mn)","Commercial Banks: Loans to Central and Local Government (TT$Mn)","Commercial Banks: Bridging Finance Loans to Consumers (TT$Mn)","Commercial Banks: Land and Real Estate Loans to Consumers (TT$Mn)","Commercial Banks: Home Improvement/Renovation Loans to Consumers (TT$Mn)","Commercial Banks: Motor Vehicle Loans to Consumers (TT$Mn)","Commercial Banks: Insurance & Repairs to Motor Vehicles Loans to Consumers (TT$Mn)","Commercial Banks: Domestic Appliances & Furnishings Loans to Consumers (TT$Mn)","Commercial Banks: Purchase of Other Financial Assets Loans to Consumers (TT$Mn)","Commercial Banks: Education Loans to Consumers (TT$Mn)","Commercial Banks: Medical Loans to Consumers (TT$Mn)","Commercial Banks: Travel Loans to Consumers (TT$Mn)","Commercial Banks: Insurance (Life and Non-Life) & Professional Services (Legal, Funeral, etc.) Loans to Consumers (TT$Mn)","Commercial Banks: Refinancing Loans to Consumers (TT$Mn)","Commercial Banks: Consolidation of Debt Loans to Consumers (TT$Mn)","Commercial Banks: Miscellaneous and Personal Services Loans to Consumers (TT$Mn)","Commercial Banks: Other Purpose Loans to Consumers (TT$Mn)","Commercial Banks: Real Estate Mortgage Loans to Consumers (TT$Mn)","Commercial Banks: Public Sector Deposits (TT$Mn)","Commercial Banks: State-Owned Financial Enterprises Deposits (TT$Mn)","Commercial Banks: Non-Financial State Enterprises Deposits (TT$Mn)","Commercial Banks: Private Financial Institutions Deposits (TT$Mn)","Commercial Banks: Incorporated Businesses Deposits (TT$Mn)","Commercial Banks: Unincorporated Businesses Deposits (TT$Mn)","Commercial Banks: Consumer Deposits (TT$Mn)","Commercial Banks: Regulatory Capital to Risk-Weighted Assets (%)","Commercial Banks: Regulatory Tier I Capital-to-Risk-Weighted Assets (%)","Commercial Banks: Regulatory Tier II Capital-to-Risk-Weighted Assets (%)","Commercial Banks: Regulatory Capital-to-Total Assets (%)","Commercial Banks: Net Open Position in Foreign Exchange-to-Capital (%)","Commercial Banks: Non-performing Loans-to-Gross Loans (%)","Commercial Banks: Non-performing Loans (Net of Provisions)-to-Capital (%)","Commercial Banks: Total Provisions-to-Impaired Loans (%)","Commercial Banks: Specific Provisions-to-Impaired Loans (%)","Commercial Banks: General Provisions-to-Gross Loans (%)","Commercial Banks: Specific Provisions-to-Gross Loans (%)","Commercial Banks: Return on Assets (%)","Commercial Banks: Return on Equity (%)","Commercial Banks: Interest Margin-to-Gross Income (%)","Commercial Banks: Non-interest Income-to-Gross Income (%)","Commercial Banks: Non-interest Expenses-to-Gross Income (%)","Commercial Banks: Liquid Assets-to-Total Assets (%)","Commercial Banks: Liquid Assets-to-Total Short-Term Liabilities (%)","Commercial Banks: Customer Deposits-to-Total (Non-Interbank) Loans (%)","Commercial Banks: Foreign Currency Liabilities-to-Total Liabilities (%)","Commercial Banks: Weighted Average Loan Rate - TT Denominated Currency (%)","Commercial Banks: Weighted Average Deposit Rate - TT Denominated Currency (%)","Commercial Banks: Weighted Average Loan Rate – Foreign Currency (%)","Commercial Banks: Weighted Average Deposit Rate – Foreign Currency (%)"
"Jun-2020","n.d","n.d","n.d","n.d","n.d","n.d","n.d","n.d","n.d","n.d","n.d","n.d","n.d","n.d","n.d","n.d","n.d","n.d","n.d","n.d","n.d","n.d","n.d","n.d","n.d","n.d","n.d","n.d","n.d","n.d","n.d","n.d","n.d","n.d","n.d","n.d","n.d","n.d","n.d","n.d","n.d","n.d","n.d","n.d","n.d","n.d","n.d","n.d","n.d","n.d","n.d","n.d","n.d","n.d","n.d","n.d","n.d","n.d","n.d","n.d","n.d","n.d","n.d","n.d","n.d","n.d","n.d","n.d","n.d","n.d","n.d","n.d","n.d","n.d","n.d","n.d","n.d","n.d","n.d","n.d","n.d","n.d","n.d","n.d","n.d","n.d"
"Mar-2020","35270.8","30531.7","10892.8","5912.8","136.3","632.1","3861.2","860.1","306.6","131","1387.6","306.7","752.5","1283.3","16633","3873.2","1633.8","1019.6","8187.4","403.4","131.2","1384.4","7985.9","3904.7","29.3","3091.6","0","0","0","0","0","0","783.8","6465.2","633.9","4197.4","1633.9","0","523","230.7","617.5","1823.6","4336.3","9.5","76.6","345","298.5","68.9","81.2","36.7","2562.9","2755.4","342.1","5711.8","15974.2","6493.8","2912.2","7341.5","11296.5","28161.2","3951.3","54362","21.2","19.1","2.1","11.5","12.6","2.9","4.4","74.4","63.7","0.3","1.8","1.8","14.4","69.6","30.4","73.9","19.5","24.6","154.2","25.8","7.5","0.7","5.8","0.6"
"Dec-2019","35168.1","30122.6","11084.5","5892.8","171.2","612.3","3857.7","780.7","316.4","135.1","1402.1","310.6","806","1251.5","16326.8","4068.3","1649.5","938.5","7735","423.8","128.7","1383.1","7903","3674","29.3","3114.2","0","0","0","0","0","0","530.5","6854","640.2","4457","1756.8","0","556.5","252.4","610","1856.5","4314.6","9.7","78.4","360.4","303.4","68.1","85.7","38.2","2593.4","2758.3","360.6","5698.6","15780","5975.3","2919.6","6872.4","12148.9","28023.1","3890.1","54360.2","21.2","19.2","2","11.3","8.4","2.9","6.2","61.5","48.9","0.4","1.4","3.1","24.9","62","38","54.6","21.8","27.1","153.8","25.8","7.7","0.7","6.11","0.61"
"Sep-2019","33990","29287.5","10711.1","6097.3","201.3","532.8","4049.6","827.2","341.3","146.7","1368.3","408.9","833.8","1313.6","15632.7","4043","1413.6","749.2","7494","340.6","141","1451.4","7557.5","3819.8","29.6","3285.1","0","0","0","0","0","0","505.1","6347.7","867.6","3896.5","1583.6","0","543.6","267.3","593.8","1769.4","4208.2","9.4","74.9","302.1","300.8","65.7","88","39.8","2384.7","2613.6","309.2","5590.3","15373","6286.8","2332.2","6395.1","10708.2","25502.3","3318.1","52632.8","23.8","19.5","4.3","12.5","10.3","3","5.9","61.3","49.1","0.4","1.5","3.2","25.6","60.7","39.3","54","20.4","25.7","149","27.6","7.8","0.7","6.51","0.6"
"Jun-2019","33245.7","28715.9","9788.1","5880.2","246.4","589.5","3699.7","764.4","364.8","146.6","1044.3","377.1","880.9","1344.6","15402.5","4041.8","962.3","786.6","7687.5","310.5","148.7","1465.2","7433.2","3667","29.3","3047.9","0","0","0","0","0","0","589.8","5543.8","1300.5","3069.3","1174","0","577.4","287.2","634.2","1789.3","4191","9.1","78.1","316.8","295.4","60.8","88.5","40.4","2388.6","2573","315.9","5481","14696.3","6092.6","3004.2","5323.5","10341.1","27029.1","3233.4","52773.1","21.4","19.3","2.1","11.7","10.9","3.3","7.2","57.5","46.7","0.4","1.6","3.3","26.6","60.9","39.1","53.8","20.3","25.2","154.7","27.5","7.9","0.7","6.6","0.62"
"Mar-2019","32795.3","28820.2","9934","5950.8","240.9","638.6","3763.1","644","376.2","139.1","1132.9","380.4","946.2","1308.2","15672.1","4049.2","962.3","802.9","8008.2","378.4","140.1","1331","7197.4","4344.2","29.3","2988.6","0","0","0","0","0","0","1326.3","4798.3","1332.9","2410.1","1055.4","0","791.4","290.9","623","1801","4193.6","9.7","83.6","338.9","305.2","59","88.3","41.8","2388.5","2537.2","314.6","5332.7","14387.4","5834.9","3254.8","4179.4","9889.5","27427","3452.4","53651.2","21.9","20.3","1.5","11.6","13.7","3","5.6","68.4","54.6","0.4","1.6","3.9","32.1","55.8","44.2","50.1","18.5","22.9","155.7","25.8","7.8","0.7","6.59","0.6"
"Dec-2018","32437.3","28538.1","9893.1","5560.8","171.9","583.5","3495.2","614.8","379.2","127.4","960.6","392.3","869.3","1310.2","16046.6","3876.6","904.6","891","8537.3","394.5","140.3","1302.4","6930.7","4383.7","29.3","2995.4","0","0","0","0","0","0","1359","4877.2","1244","2500.7","1132.5","0","632.2","299.7","609.8","1813.2","4187.3","10.4","81.8","359.2","312.3","59.6","91","44.9","2374.3","2487.7","280.1","5337.7","14088.3","5444.9","3229.1","3777.9","10893","27911.9","3536.1","53189.7","20.9","20.6","0.3","11.1","13.3","3.1","6.2","66.8","52","0.5","1.6","2.6","20.6","66.4","33.6","59.9","19.1","23.5","157.4","26.2","8","0.7","6.58","0.59"
"Sep-2018","31431.7","28001.3","7711.8","5541.9","178.5","527.5","3470.2","546","353","118.8","968.3","392.2","921.8","1365.6","15579.5","3910.4","956","870.4","8071.2","421.9","130.6","1218.8","6879.9","3689","29.3","2270.9","0","0","0","0","0","0","1388.9","3952.8","1242.7","1618.3","1091.7","0","70","310.4","612.5","1742.6","4140.7","11.5","80.9","286.5","320.3","57.7","95.6","47.4","2170.6","2287.2","256","5226.2","13785.6","5362.6","2893.8","3329.4","10650.4","26692.3","3559","51482.9","22.2","19.9","2.3","12.2","17.3","3.3","7.3","60.6","41.4","0.6","1.4","2.4","18.9","67","33","61.8","19","23.9","158.6","25.6","8.1","0.6","6.78","0.57"
"Jun-2018","31172.3","27832.2","7740.1","5234.3","81.7","433.2","3311.8","574.6","348.2","111.3","788.6","402.6","930.4","1407.7","16011.5","3924.3","1011","860","8564.6","439.9","132.8","1078.9","6586.4","3232.3","0.9","1900","0","0","0","0","0","0","1331.5","4336","1236","2167.7","932.2","0","171.7","303.1","615.3","1760.4","4176.7","12.6","82.2","308.9","313.9","56.4","95.9","49.3","2165.8","2218.8","236.9","5035.2","13740.8","6333.1","2683.9","3153.1","10565.9","25699.1","3723.3","51759.7","22.3","20.7","1.7","11.9","18.4","3.3","8.2","59.3","35","0.8","1.2","2.6","20.1","67.4","32.6","60","20.1","25.1","159.8","26.1","8.1","0.6","6.47","0.56"
"Mar-2018","30915","28038.2","9400.6","5998.4","78.7","548.7","3914.6","541.5","328.7","95.4","1447","407.2","906.3","1456.5","15727.2","3863.7","1022.3","844.4","8336.6","457.5","127.5","1075.2","6312.6","3202.6","1","1869.4","0","0","0","0","0","0","1332.2","5928.7","1234.6","2228.7","2465.4","0","269.4","316","620.3","1757.3","4210.6","13.1","84.7","327.3","323.5","54.5","92.8","51.4","2160","2159.7","238.2","4997.9","13507.9","6901.7","3124.8","2785.8","10106.9","25220.4","3811.4","51708.5","22.2","20.8","1.4","11.8","17.1","3.2","8.1","64.4","35.2","0.9","1.1","2.5","19.8","67.2","32.8","61.6","20.1","24.9","156.1","26.5","8.1","0.6","6.13","0.54"
"Dec-2017","30731.1","27229.9","9660","6117.7","150.4","579.2","3911.2","491.6","336.9","104.3","1486.2","372","956.5","1477","14843.1","3843.5","1033","643.5","7935.8","473","126.9","787.4","6269.1","2946.1","0.7","1553.4","0","0","0","0","0","0","1391.9","6337.4","1177.6","2521.8","2638","0","376.6","328.3","624.3","1777.5","4210.9","13.8","89.6","359.7","316.4","55.9","98.7","52.4","2133.1","2109.4","239.9","4908.7","13412.6","6535.4","2497.9","3044.8","10221.3","25957.3","4659.4","51764.9","21","20.3","0.7","11.3","15.4","2.9","6.8","65.7","37.4","0.8","1.1","2.4","18.5","67","33","61.6","19.8","24.4","159.4","26.4","8.2","0.6","6.06","0.52"
"Sep-2017","29627.9","26273","8900.1","6273","80.9","668.1","4068.1","556.9","336.8","92.8","1523.7","383.2","899.1","1455.9","14000.3","3863.8","942.1","634.2","7326.2","475.3","126.1","632.6","5999.7","2607","0","1362.9","0","0","0","0","0","0","1244.2","6099.2","1039.9","2553.8","2505.6","0","193.8","302.2","635.8","1700.3","4114.1","14.3","85.7","265.4","333.5","56.6","103.7","55.3","1855.7","1923","201.6","4796","13184.8","5792.3","2158.5","2932.8","10693.2","25229.7","4127","51705.7","21.8","19.3","2.5","11.6","14.4","2.9","6.3","63.9","37.8","0.7","1.1","2.3","17.7","67.8","32.2","62.7","20.2","25.1","162.5","26.3","8.2","0.6","5.41","0.52"
"Jun-2017","29078","26132.1","8904.2","6476.4","77","664.9","4222.5","578.1","335.2","88.8","1552.5","461.8","938.5","1511.9","13883.4","3651.1","974.2","653","7428.1","402.8","141.5","632.8","5772.3","2776.9","0","1555","0","0","0","0","0","0","1221.8","5947.4","1084.7","2420.6","2442.1","0","179.9","287.5","686.7","1710.4","4072.6","14.2","87.8","286.7","330","56","98.8","57.5","1841.3","1872","197.1","4629.6","12849.6","6993","1685.1","3431.7","9342.9","26362.5","3860.6","52338","21.4","19.4","2","11.3","12.4","3.4","7.7","58.7","36.3","0.8","1.2","2.4","18.6","67.6","32.4","62.8","20.9","25.9","166.6","25.6","8.2","0.6","5.71","0.52"
"Mar-2017","28996.1","26051","9125.6","6863.3","73.8","769.9","4356.3","698.4","318.7","89","1594.9","489.6","913.7","1663.3","13472.4","3719.6","951","712","6931.8","418.2","124.2","615.7","5715.3","2948.3","0","1738.9","0","0","0","0","0","0","1209.4","5989","1092.6","2432.2","2464.2","0","188.3","302.8","694","1737.1","4078.6","15.4","93.1","305.9","333.2","57.4","99.5","59.2","1879.5","1850.9","209.5","4610.8","12669.2","7080.4","1807.7","3558.6","9877.7","26089.4","3990.4","52762.9","21.8","20.5","1.3","11.3","13.3","3.1","6.7","63.5","39.1","0.7","1.2","2.4","18.3","67.8","32.2","63.7","21.7","26.8","168.2","25.9","8.3","0.6","5.45","0.53"
"Dec-2016","29001.6","25810.6","9621.3","7394.4","83.1","817.1","4193.3","715.2","266.2","84.6","1643","486.2","756.6","2301","12714.2","3684.9","815.2","573.3","6510.8","432.9","118","579","5702","3191.7","0","1545.4","62.7","62.7","0","0","0","0","1583.6","6213.7","1120.5","2555.2","2538","0.1","215.8","314.8","694.5","1765.6","4079.7","16.3","98.5","322","348.2","57.5","105","60.1","1933","1816.2","211.7","4665","12513.4","7091.1","2909.6","3657.4","9897","26730.1","4095.5","52307.6","21.9","20.4","1.5","11.2","12.2","3.1","7.2","60.2","37.1","0.7","1.2","2.5","19.9","65.2","34.8","63.3","22.1","27.2","170.2","25.7","8.2","0.6","5.73","0.54"
"Sep-2016","28125.6","25284.1","9464.5","7307.6","118.7","928.8","4018.1","800.6","273.1","92.3","1353.3","529.9","717.2","2242.1","12363.6","3720.6","731.7","614.3","6209.3","429.7","115.1","542.8","5612.9","3120.8","0","1419.7","49.2","49.2","0","0","0","0","1651.9","6146.4","1123.8","2574.4","2448.2","0.2","197","335.7","660.2","1692.8","3941.3","16.4","95.4","275.9","343.9","57.4","109","61.7","1754.4","1709.2","174.4","4551.5","12346.3","6174.1","3023.3","4063.7","9667.6","24927.6","4007.5","52159","22.4","20.9","1.4","11.4","7.6","3.2","6.5","60.6","43.4","0.5","1.4","2.1","16.4","66.9","33.1","66.1","21.8","27.1","169.7","25.5","8.1","0.6","5.3","0.53"
"Jun-2016","27903.1","25513.7","9602.4","7452.4","70.7","877.1","4187.2","769.6","428","91.7","1354.6","551.9","728.4","2317.3","12486.1","3590","700.5","621","6548","440.8","130.6","455.2","5575.2","3119.5","0","1213.4","252.1","38.3","0","213.9","0","0","1654","6244.2","1147.7","2218.3","2878.2","0.4","238.3","331.3","674.9","1716.7","3903.5","20.3","98.9","298","336.3","55.1","107.5","59.2","1771.6","1665.2","177.7","4492.5","12194.4","6644.5","4588.7","3909.3","10438.3","24606.3","4174.7","52505.6","21.8","19.4","2.4","11","7.3","3.2","7.2","55.5","39.2","0.5","1.3","2.2","17.5","67.5","32.5","65.2","23.2","28.7","173.9","24.9","8","0.6","5.36","0.53"
"Mar-2016","27607.3","25582.5","10531.3","7346.6","78.7","1006.2","3895.3","663.3","485","89.6","998","564","836.3","2366.5","12726","3605.6","712.6","691.9","6684.5","456.9","125.6","448.9","5509.9","3956","0","676.9","290.9","72.9","0","211.9","0","6.1","2988.2","6196.6","1152","2085","2959.6","0.6","378","351.6","672.7","1727.4","3851.8","21.2","100.9","329.8","345.1","56.6","104.7","59.7","1794.3","1682.8","188.6","4226.2","12093.9","7167.4","3429.3","4044.6","11442.6","24047.9","3808.7","52201.9","21","19.6","1.4","10.8","9.4","3.4","7.5","56.6","42","0.5","1.4","2.3","18.5","67.3","32.7","64.6","23.4","29","171.1","25.4","7.8","0.6","5.33","0.53"
"Dec-2015","27503.8","24797.3","10823.5","7054.4","73.3","1034.6","3565.8","867.1","411.3","90.1","807.9","483.2","660","2380.7","12323.1","3754.6","731.1","691.2","6053.5","465.1","124.8","502.7","5419.8","4059.3","0","660.2","307.4","73.7","0","228","0","5.7","3091.7","6389.2","1223.2","2025.7","3140.3","0","375","338.7","671.2","1737.2","3807.6","23","104.9","362.3","350.4","53.7","106.1","61.7","1834.7","1652","196.5","4245","11958.9","6213.2","4380.4","3827.3","8751.7","23010.9","4721.9","51434.2","22.1","22.9","-0.8","11","5.7","3.4","6.7","55.2","42.1","0.4","1.4","2.5","18.2","61.3","38.7","65","23.8","30.4","166.4","25.1","7.7","0.6","5.03","0.52"
"Sep-2015","26482.3","24812.2","12027","6766.4","69.3","1025.5","3303.1","867.5","319.1","88.2","570.6","466.3","728.1","2368.6","12856.2","3735.7","794.3","715.6","6310.4","663.6","154.2","482.4","5189.5","4273.2","0","683.6","309.5","79.5","0","225.5","0","4.4","3280.1","7223.3","1169","2214.4","3839.9","0","530.5","365.9","692.1","1640.5","3585.1","13.5","93.9","318.6","348.4","53.1","102.8","56.9","1664.1","1593","178.4","4068.4","11707.4","5820.1","3864.8","4016.3","8437.3","23020.8","4760.4","51181.6","22.1","20.5","1.6","11","4.4","3.5","6.9","52.1","39.8","0.4","1.4","2.7","19.2","60.8","39.2","63.5","22.7","28.7","164","24.5","7.4","0.6","5.01","0.51"
"Jun-2015","25943.9","24863.5","9590.3","7017.6","73.5","1021.7","3597.7","929.2","421.3","154.5","851.6","633.8","347.4","2324.7","12755.9","3509","873.5","700.4","6285.1","743.9","138.7","505.3","5089.9","4293.3","0","683.6","251.6","0","0","246","0","5.6","3358.1","4723.6","1199.6","2075.6","1448.3","0","573.3","371","684.5","1635.8","3441","27.6","103.1","297.1","339.1","53.8","96.6","72.5","1686.5","1583","183.4","3926.5","11442.3","7353.1","4041.9","4688.5","8217","22717.5","5032.1","49532.8","22.8","21.2","1.6","11.2","2.6","4","7.7","51.5","39.4","0.5","1.6","2.9","21.2","59.7","40.3","63.9","23.2","29.5","173.4","25.3","7.6","0.5","4.85","0.51"
"Mar-2015","25560.3","24361.2","8300.7","6590.6","69.8","1004.5","3281.4","915.2","362.9","140.6","762.4","483.8","358.3","2234.9","12747.4","3310.3","900.4","763.5","6371.4","759.6","140","502.2","5023.2","3805.2","0","634.2","40.9","35.3","0","0","0","5.6","3130","4269.2","1217.3","1674.6","1377.3","0","226.3","338.7","665.6","1623.3","3386.5","29.3","111.3","316.7","341.9","52.2","91.9","73.7","1708.7","1566.7","186.9","3883.8","11183.1","6386.8","4301.5","4997.8","8488.6","23088.9","5011.1","48739.7","23","21.3","1.7","11.5","5.9","4.1","7.3","55.4","43.3","0.5","1.8","3.6","26.3","62.1","37.9","67.2","23.2","29.3","178.6","24.4","7.6","0.5","4.97","0.5"
"Dec-2014","25452.3","24446.5","8367.9","6202.2","65.8","860.2","3013.3","912.5","352.3","148","524.6","454.9","370","2262.9","13286.2","3602.2","906.1","849.7","6698.1","536.6","154.7","538.7","4958.2","4018.9","0","789.8","102.2","95.7","0","0","0","6.5","3126.9","4108.8","733.3","1872.4","1503.1","0","240.3","331.3","678.3","1613.9","3330.6","29.9","116.4","337.4","344.2","50.3","92.7","69.6","1743.7","1583","176.2","3915.5","11039.2","7164","4709.9","5001.3","8131.8","24406.2","5162.8","48022.5","22.5","21.8","0.7","10.8","3.6","4.1","7.7","54.9","43.5","0.5","1.8","1.8","13.2","59.9","40.1","71","25.3","31.7","181.2","23.5","7.8","0.5","5.07","0.51"
"Sep-2014","24456.8","24390.9","5672.3","6496.7","78.1","824.8","3122.5","974.6","361.6","137.9","515.9","508.6","383.6","2471.3","12898.5","3511.2","958.4","873.1","6287.7","547.8","151.8","568.5","4995.7","2005.2","0","571.5","91.2","80.4","0","4.8","0","6","1342.5","3595.6","741.8","1719","1134.8","0","71.4","338.4","692","1501.5","3169.2","30.7","107.8","304.2","337.1","49","93.2","70.3","1590.7","1558.1","149.6","3713","10752.2","7537.7","5417.2","5680.4","7300.6","21088.4","4622.6","47031.7","23.4","22.2","1.2","11.5","3.9","4.3","7.6","53.9","42.9","0.5","1.9","1.7","12.7","60.3","39.7","71.2","26.6","33.6","185.7","24.4","8","0.5","4.85","0.51"
"Jun-2014","23833.9","24099.8","5834.8","6669.5","83.4","782.3","3260.1","908.9","375","134.9","551.5","614.2","403.3","2543.7","12671.5","3643.6","1073.8","938.4","5799.3","492.5","161.2","562.7","4758.8","2115.3","0","606.7","116.1","106.4","0","4.8","0","4.9","1392.5","3646.6","783.3","1521.5","1341.8","0","72.9","306.2","690.7","1500.9","3008.8","28.9","110.6","326.3","325","48.7","88","73","1609.6","1543.5","150.5","3709.8","10313.5","7434.3","5062.7","5873.9","8425.6","20783.6","4871.2","46589.3","23","20.6","2.4","11.4","4.2","4","7","55.3","43.2","0.5","1.7","1.8","13.4","59.9","40.1","72.1","27.9","35","188.7","25.1","8.2","0.5","5.14","0.51"
"Mar-2014","23377.1","23740","6405.2","6792","84","858.7","3247.4","913.2","366.6","105","599.1","570.4","415.3","2601.8","12247.8","3310.9","1093.9","939.2","5768.1","511.1","153.2","471.4","4700.3","2279.7","0","875.9","53.2","38.2","0","9.5","0","5.5","1350.6","4051.2","1117.6","1597.5","1336.1","0","74.2","290.2","699.2","1453.8","2886.3","29.6","118.5","354.1","328.7","46.9","81","75.1","1626.9","1550.5","161.8","3597.6","10077.1","8105.5","5203","5662.6","7597","21002.6","4473","46864.1","23.7","21.8","1.9","11.3","18.3","4.2","7.8","51.7","40","0.5","1.7","1.9","13.7","57.8","42.2","78.1","28.3","35.7","189.2","24.5","8.3","0.5","4.95","0.51"
"Dec-2013","23410.9","23096.9","5652.5","6614.1","91.1","844.9","3284.3","851.5","367.6","110.9","536.6","591.1","418.6","2393.8","12064.3","3103.9","1152.2","1044.4","5688.6","522.4","144.5","408.2","4418.4","2250.9","0","723","68.3","58.8","0","9.5","0","0","1459.5","3324.1","995.2","1104.6","1224.3","0","77.5","299.6","698.4","1435.2","2815.9","29.7","122.7","371.4","327.5","46.3","86.2","78.8","1648","1550.1","172.3","3765.1","9963.9","7396.8","5219","5708.7","6610.6","20149.8","4198.3","45663.6","23.1","21.3","1.8","11.8","12.8","4.2","7.8","49.6","37.6","0.5","1.6","2","14.7","65","35","68.2","27.5","35.3","186.2","25.2","8.5","0.6","5.26","0.51"
"Sep-2013","22464.5","23492.6","6198","7072.9","109.7","848","3408.7","906.7","375.6","106.3","540.5","542.3","451.9","2706.5","12011.5","2835.9","1068.6","1031.3","6022.1","531.9","129.8","391.9","4408.2","2319.3","0","411.2","99.6","85.5","0","14.1","0","0","1808.5","3851.9","977.8","1619.9","1254.2","0","26.8","295.2","708.5","1348.4","2628","29.1","115.8","325.7","345.1","47.5","87.6","81.2","1504.1","1542.9","158.7","3580.1","9666.5","7931.7","6126.2","4512","7106.2","20013.8","4093.3","45049.2","24.1","22.2","1.9","11.8","13.6","4.6","8.3","49","38.6","0.5","1.8","2.3","16.3","65.4","34.6","64.2","27.8","36.1","186.1","25.5","8.5","0.6","5.33","0.51"
"Jun-2013","22130","23180.4","6401.2","7133.4","105.4","905","3408.8","878","363.6","89.3","546","578.1","418.4","2714.2","11756.5","2534.1","724.5","1010.4","6258.9","744.8","113.7","370.2","4290.5","2244.5","0","314.3","68.4","54.3","0","14.1","0","0","1861.9","3873.2","980.8","1874.2","1018.2","0","283.4","287.4","736.2","1362.3","2549.9","30.9","125.4","305.4","317","48.7","84.3","86.2","1518.8","1562","159","3592.4","9364.2","7092.5","7284.7","4699.7","6873.1","19431.1","3417.4","44790.6","24.7","21.6","3.1","11.6","12.2","4.4","7.7","52.1","41.2","0.5","1.8","2","14.6","66.3","33.7","61.8","27.4","35.2","186.3","27.4","8.5","0.6","5.66","0.51"
"Mar-2013","21794.6","22939.2","6393.9","7305.4","103.5","933","3467.2","953.4","408.6","63.7","565","575.5","384.5","2801.8","11436.2","2538.3","752.6","957.3","6049.5","656.5","118.6","363.6","4197.6","3020.2","0","856.2","127","108.5","0","18.5","0","0","2037.1","3087.9","852.6","1238.2","997.1","0","285.8","260.5","737.9","1359.2","2493.4","30.8","129.3","319.6","324.5","48.5","81.5","89.7","1521.7","1585.8","163.9","3618.4","9030","7407.3","7834.1","4878.4","7232.9","19106","3395.2","43708.5","24.4","22","2.4","11.7","11.3","4.7","7.6","56.1","45.8","0.5","2.1","2.1","14.8","65.2","34.8","64.6","27","34.8","187.8","28","8.6","0.6","5.81","0.52"
"Dec-2012","21486.2","23227","5579","7107.9","90.8","950.9","3502.7","944.4","409.2","94.5","517","574","396.3","2563.4","11948.2","2444.3","801.7","1014","6542.3","684.9","94.2","366.8","4170.9","2601.5","0","541.2","120.6","102.1","0","18.5","0","0","1939.8","2661.4","537.8","1337.2","786.5","0","316","241.8","721.8","1338","2458.5","36","131.7","301.8","309.4","47.2","80","89.4","1523.5","1333.9","166.9","3614.1","9092.4","6071","8291.5","4981.1","6998.9","18102.9","3288","42709.7","24.6","22.4","2.2","12","12.6","5.4","9.6","49.5","39.7","0.5","2.1","2.6","18.1","65.4","34.6","66.5","25.2","32.6","186","28","8.8","0.6","5.93","0.52"
"Sep-2012","20621.6","23787.6","5636.2","7319.8","115.4","976.7","3551.8","892.2","442","112.8","518.6","586.2","409.7","2675.9","12390.6","2370.5","842.5","1004.3","7335.5","388.9","87.4","361.5","4077.2","2818.5","0","334.9","143.6","120.8","0","22.7","0","0","2340","2561.2","347.5","1292.3","921.3","0","256.5","213.3","773.6","1258.9","2378.7","35.1","120.6","258.4","303.6","48.5","80.8","81.2","1379.7","1315.7","179.4","3437.7","8756.6","6520.2","5481.2","3882.7","6363.9","17771.9","3575.4","41664","25.5","21.8","3.7","12.8","10.5","5.4","9.5","50.2","42.2","0.4","2.3","2.5","17.6","65.6","34.4","70","24.5","32.5","175.9","26.7","8.7","0.6","6.08","0.53"
"Jun-2012","20180.6","22992.3","5595.4","7398.4","109.6","995.6","3605","920.4","432.7","115.9","521","716.7","305.4","2688.2","11620","2373.5","820.1","908.8","6658.6","404.2","86.3","368.5","3973.8","3317.2","0","462.4","86.2","63.5","0","22.7","0","0","2768.5","2021.6","84.9","1108.9","827.8","0","256.5","189.9","800.7","1267.7","2341.7","34.8","122.1","267.2","276.3","48.6","75","82.6","1395.7","1335.7","184.2","3345.8","8412.6","6898.3","5008.4","3790.8","5908.6","15957.9","3582.9","41254.3","26.5","21.6","5","13.1","10","6.2","11.5","45.3","38.1","0.4","2.4","2.9","20.8","66.7","33.3","69","25.4","33.8","174.8","27.1","8.9","0.6","5.92","0.52"
"Mar-2012","20098","22709.8","5712.6","7022.7","93.8","1029.9","3431.6","1088.7","423.5","104.4","375.9","542.5","300.6","2467.5","11710.4","2259.9","828.5","895.2","6910.4","344.7","86.1","385.7","3976.7","3236.6","0","469.2","26.9","0","0","26.9","0","0","2740.5","2220","92.6","1138.1","989.3","0","256","161.4","824.4","1277.2","2295.3","33.9","123.1","289.8","284.2","48","69","77.5","1451.1","1352","189.2","3489.8","8132.1","8056.5","3518.3","4477","6262.3","15670.6","3650","40098.7","26.1","22.9","3.3","12.5","10.1","6.8","14.7","37.9","31.1","0.5","2.1","2.1","15","67.1","32.9","69.3","27.7","36.8","173.8","26.6","9","0.6","6.02","0.55"
"Dec-2011","20079.6","22795.3","5472.6","7101.1","95.4","946.8","3375.6","1007.8","486.2","116","407.7","529.8","322.8","2683.3","11712.5","2314.4","781.2","886.2","6856.8","405.3","98.9","369.7","3981.7","2950","0","369.8","26.9","0","0","26.9","0","0","2553.3","2266.2","100.2","1141.6","1024.4","0","256.3","174.5","879.8","1305.8","2259.8","32.1","125.9","309.5","284.7","50.4","72","77","1484.2","1336.3","192.1","3568.9","7926.7","7700.6","3695.7","4249.7","8419.2","16132.5","2398.2","38443.6","25.1","22.7","2.4","12.1","11.8","6.3","14.5","35.2","28.3","0.4","1.8","2.4","17.2","64.8","35.2","62.1","27.7","36.6","172.4","27","9.2","0.6","5.99","0.57"
"Sep-2011","19261.6","22571.6","6564.9","6881.4","97.3","931.4","3234.6","920.8","443.3","105.3","508.3","542.3","300.6","2618","11725","2233.8","763.6","637.5","7187.8","418.3","78.9","405.2","3965.2","3912.7","81.6","1202.2","30.9","0","0","30.9","0","0","2598","2396.3","113.1","1321.3","961.9","0","255.9","185.3","879.7","1189.7","2215.9","28.8","101.4","296.8","275","47.5","71.1","70.6","1300.2","1291.8","179.7","3428.5","7699.6","3917.1","6656","4321.8","6876.5","17105.1","2317","37382.1","25.8","22.9","2.9","12.3","10.6","7.5","18.2","30.8","24.4","0.5","1.8","2.3","16.8","63.9","36.1","62.9","26.8","35.6","167.5","28.5","9.2","0.6","5.69","0.59"
"Jun-2011","19129.9","21561.6","6236.9","6094","92.2","442.9","3051.3","765.5","356.7","112.8","529","570.1","292.6","2507.6","11568.6","2232.4","623.6","673.1","7109.9","431.2","87.4","411.1","3899.1","4075.5","109.2","1190.9","30.9","0","0","30.9","0","0","2744.6","2161.1","173.4","947.3","1040.4","0","0.3","186.8","813.3","1228.2","2265.3","28.3","99.4","282.4","263.5","47.5","67.8","82","1327.1","1273.6","182.1","3564.7","7417.9","4009.2","6793.5","4273.7","6735.6","14596.2","2141.3","36936.3","25","21","4","12.4","12.1","6.5","15.3","32.7","26.5","0.4","1.7","2.4","17.3","66.7","33.3","60.2","26.5","35.3","164.5","28.4","9.4","0.7","6.7","0.62"
"Mar-2011","18948.8","22027.4","5920.3","5868.4","95.7","473.1","2919.3","791.6","366.8","98.7","474.9","506.8","280","2380.3","12273.6","2508.2","671.7","716.4","7477.9","446.2","85.6","367.6","3885.4","3853.2","109.2","978.6","34.8","0","0","34.8","0","0","2730.6","2066.8","241.3","786.8","1038.7","0","0.2","167.6","914.9","1222.4","2288.8","28.4","101.5","379.1","270.6","47.9","68.5","80.2","1336.7","1227.1","206","3364.3","7244.9","4835.4","5826.9","4557.1","5582.8","14811.7","2168","36419.2","24.6","21.4","3.2","12.3","5.2","5.7","13.2","36","29","0.4","1.6","2.6","18.6","66.8","33.2","60.6","23.8","31.4","161.8","27.5","9.5","0.7","6.67","0.65"
"Dec-2010","19082.5","21411","5836.1","6169","96.9","472.9","3116.7","828","422.7","96.3","400","506.2","354.1","2482.5","11490.9","2354.5","922.2","768","6489.4","455.6","91.7","409.6","3751","3861.2","0","975.2","34.8","0","0","34.8","0","0","2851.2","1971.3","138.4","881.6","951.4","0","3.6","81.7","1007.2","1301.7","2298.3","30.5","106.9","341.7","249.9","46.5","73.3","65.4","1349","1173.9","203.7","3607.2","7145.5","4357.1","5420.8","4552.7","6729.7","14363.3","2211.7","35899.8","24.2","21.7","2.5","12.2","6.2","6.2","13.3","39.5","33.4","0.4","2.1","2.3","17.2","66.9","33.1","63.3","24.3","31.9","163","27.5","9.9","0.8","6.49","0.68"
"Sep-2010","18110.3","21805","6081.1","5904.3","86.1","446.6","2740.8","680.7","355","85.5","356.1","527.6","383.5","2630.8","12320","2347.3","898.9","632.3","7408.2","482.3","83.5","467.5","3580.8","4073.5","18.5","1127","38.6","0","0","38.6","0","0","2889.4","2007.4","151.5","927.6","928.3","0","0.2","79.6","1189","1501.6","2280.3","29.1","90.3","308.1","268.5","44.7","76","74.6","1211.8","1047","210.2","2695.4","7004.2","3669.1","5361.3","4498.3","6193.7","13849.2","2236.2","35043.5","23.3","18.5","4.8","12.3","2.2","5.2","8.5","55.9","49.5","0.3","2.6","2.4","17.8","67.2","32.8","60.3","22.3","29.5","158.1","27.4","10.3","1","6.99","0.71"
"Jun-2010","17825.3","21664","5545.5","6049.7","104.6","457","2881","688.7","356.3","104.6","392.3","517.5","451.6","2607.1","12046.4","2527.9","1028","749.9","6741","518.2","84.4","396.9","3567.9","3482.8","18.5","1049.5","38.6","0","0","38.6","0","0","2376.2","2062.6","153","872","1037.5","0.1","0.1","83.7","1246.6","1454.6","2320","29.8","100.9","355.5","246.9","44.3","71.8","77.8","1210.1","1059.8","199.7","2564.1","6759.7","3692.8","4693.2","5842.9","6456.7","15404.7","2095.8","34641.6","22.1","18.4","3.6","11.5","3.2","5.3","8.5","57.9","51.9","0.3","2.8","2.3","17.4","68.1","31.9","61.7","26.2","34.4","167","30.8","10.6","1","6.98","0.71"
"Mar-2010","17759.3","22292","5296.7","6322.4","110","489.3","2950.8","696.3","327.6","112","388.8","527.9","520.7","2772.3","12420.5","2619.5","1079.4","857.9","6733.8","528.8","97.8","503.2","3549.1","3062.8","18.5","982.8","49.1","6.9","0","42.3","0","0","2012.3","2233.7","328.2","935.4","970.1","0.1","0.2","75.4","1138.2","1615.3","2346.8","146.9","100.1","378.9","240.5","48.6","62.6","72.9","1185.7","1002.6","80.3","2574.1","6690.3","3297.6","5180.8","7080","6201.7","15467.6","1977.1","34118.6","22","18.9","3.1","11.3","6","5.5","9.7","54","47.2","0.4","2.6","2.2","17","67","33","64.3","25.2","33.2","167.2","31.9","11","1.1","6.84","0.77"
"Dec-2009","18018.8","23022.1","5468.4","6380.5","106.8","417.4","3130.3","810","370.5","136.5","344.4","541.9","550.7","2725.9","13150.2","2657","1153.7","701.1","7477.8","545.2","97.4","518","3491.4","3097.9","18.5","1013.4","119.3","77.1","0","42.3","0","0","1946.7","2368.9","310","1025.5","1033.4","0.5","1.2","75.9","1143.2","1616.9","2411.1","30.3","105.1","417.5","247","51.4","65.9","72.6","1222","968.7","204.6","2778","6608.5","3388.4","4809.6","7759.9","6591.7","16868.1","1811.2","33170.3","20.5","18.5","2","10.7","5.9","5","9.2","55.1","48.1","0.3","2.4","2.7","20.2","67.9","32.1","60","25.1","32.7","165.2","33.1","11.5","1.4","7.19","0.99"
"Sep-2009","17685.3","23004.6","4189.1","6770.8","136.3","593.9","3225.8","873.6","386.8","126.7","381.6","537.7","551.2","2814.8","12832.8","2898.8","769.4","755.3","7133","568","88.1","620.1","3401","2266","18.5","504.4","76.5","1","0","45.8","29.7","0","1666.7","1908.6","321.4","705.4","881.7","0.4","14.1","83.1","1948.6","1544.9","2436.1","30.5","97.3","372.4","229.2","49.7","71","71.7","1122.2","898.3","191.7","3110.8","5427.9","2909.5","3880.2","7827.1","5739.6","15260.3","1660.3","27885.7","21.7","18.8","2.9","11.9","4.9","3.5","5.4","63","54.8","0.3","1.9","2.8","20.2","68","32","59.1","24.7","33.1","149.2","33.4","11.8","1.8","7.16","1.17"
"Jun-2009","17540.6","24217.8","4125.6","6937","137.1","754.5","3281.2","758.4","410.1","124.7","383.1","616","641.6","2764.1","13923.9","3051.2","772.1","979.3","7869.8","569.4","89.2","592.9","3356.9","2134.1","18.5","382.8","101.8","37.3","0","64.5","0","0","1631","1980.8","339.4","931","710.4","2","8.7","80.8","1952.9","1588.3","2480.5","24.4","100.5","403.8","214.8","49.4","71.8","71.2","1120.5","863.1","175.7","3035.4","5307.4","2899.1","3749","6469.3","5789.2","13913.7","1768.7","27250.1","20.1","16.1","4","11.9","-1.2","3.6","8.2","46","38.3","0.3","1.4","2.9","21.5","69.3","30.7","57.8","21.1","28.4","137.7","34.2","12","2.3","7.83","1.34"
"Mar-2009","17680.1","25133","3725.8","6880","140.4","700.5","3218.2","799.1","408.1","110.3","402","678.9","515.5","2821","14947.8","3183.6","764.6","860.7","8876.2","626.6","102","534.1","3305.2","2038.8","0","461.1","163.1","95.1","0","68","0","0","1414.6","1683.8","267.1","726.1","690.6","2","1.2","85.2","1949.7","1616.6","2576.5","23.4","104.7","456.7","219.5","51.9","74.3","82.6","1165.4","851.8","187.4","3058.8","5175.4","2846.6","3896.7","5837.1","5823.8","13635.1","1661.7","26796.8","19","16.1","2.9","11.6","-2.5","3.1","7.3","47.5","38.4","0.3","1.2","2.7","19.7","69.3","30.7","64","21.8","29.4","132.1","32.7","12","2.6","6.91","1.57"
"Dec-2008","18087.6","24353.2","3263.1","6386.7","141","995.1","3213.4","730","471.3","116.1","370.1","689.5","552.9","2037.1","14821.6","3426.9","737.3","1099.4","8313.7","573.4","94.6","576.1","3145","1635.7","0","500.8","104.8","36.8","0","67.9","0","0","1030.1","1622.9","158.7","685.3","779","3.2","1.3","92.7","1365","1374.8","2490.5","24.3","108.7","493.3","224","52.9","81.3","83.6","1239","866","216","4235.3","5140.3","2750.5","2136.6","6337.3","5506.8","13469.2","1562.4","24434.8","18.8","15.5","3.2","12.1","-1","2.5","6.7","40.3","29.3","0.3","0.7","3.5","25.9","65.7","34.3","50.4","22.1","30","124.7","32.7","11.5","3.1","7.31","1.72"
"Sep-2008","17571.5","23315.6","3432.7","5686.1","123.9","710.4","2956.8","706.4","410.2","99.2","367.3","775.7","451","1895","14643.5","2971.7","682.5","1051.4","8711.5","584.6","127.9","513.8","2986","965.2","0","358.6","139.6","68.4","0","71.3","0","0","467","2463.1","193","1138.3","1131.8","3.1","1.2","96.4","1339.4","1286.8","2358.3","23.7","91.9","452.4","219","51.4","82.8","65.8","1145.1","818.3","172.7","4327.2","5040.2","2874.6","2206","4385.6","4817.3","12992.3","1570.6","23966.6","18.5","14.4","4.1","12.2","6.8","0.9","0.7","110.3","79.2","0.3","0.7","3.4","25.8","64.8","35.2","50.1","20.2","27.3","121","30.8","11.3","2.9","7.15","1.99"
"Jun-2008","17099.2","22517.1","2789.7","5456.5","99.4","716.7","2857.2","628","408.1","204.6","366.3","621.1","499.8","1783.2","14239.3","2939.2","655.1","1059.8","8446.2","587.7","73.3","477.9","2821.3","1114.3","0","366.2","114.2","43.1","0","71.1","0","0","633.9","1669.5","176.3","629.6","863.6","4.6","1.2","94.9","1291.2","1235.7","2244.4","23.1","90.2","486.2","204.4","46.1","76","50.6","1110.4","793.4","153.9","4358.7","4839.9","3671.4","4200","4509.7","6471.1","12716","1604.8","23222.3","16.8","13.3","3.5","11.6","-4.8","1.1","1.3","93.8","67.5","0.3","0.7","3.5","26.8","65","35","49.5","22.6","29.7","136.5","35.7","11.1","2.9","7.71","2.11"
"Mar-2008","16874.1","22582.7","2888","5514.2","94.5","812","2710","578.4","398.9","186.2","362.4","603.1","458.9","1897.7","14385.9","2838.9","553.7","1004.3","8701.8","755.8","90.1","441.2","2682.6","1092.5","0","368","80.8","6.2","0","74.6","0","0","643.6","1789.4","209.1","722.2","858","4.6","1.7","94.4","1215.4","1196.4","2164.3","22.7","90.5","711.3","207.7","44.6","74.1","48.3","1091","795.4","142.9","4357.2","4618.1","2812","2677.7","4678.2","4694.5","11108.6","1581.3","23147","18.1","14.9","3.1","12.3","-9.3","0.8","0.4","122.9","88.8","0.3","0.7","3.8","29.5","63.3","36.7","47.6","19.9","26.8","123.6","33.9","11","3","8.06","2.39"
"Dec-2007","16553.7","20649","3208","5025.3","83.9","751.7","2406.1","487.2","394.8","80.4","349.7","584.5","374.9","1783.5","13169.3","2743.7","478.4","908.4","7888.5","655.2","104.9","390.3","2454.4","1081.7","0","374.3","57.4","1.6","0","55.9","0","0","649.9","2118.8","203.4","1090.6","824.7","5.9","1.7","95.2","1199","1172.1","2147.6","23","93.7","724.3","207.5","45.6","79.2","115.6","1104.2","804.6","140.3","4287.9","4313.7","2850.8","2081.6","4215.2","4487.9","10672.1","1622.7","21762.2","n.d","n.d","n.d","n.d","20.7","0.7","-0.3","148.2","109.7","0.3","0.8","3.4","27.3","64.1","35.9","50.4","17.4","23.2","119.8","33.8","10.7","2.8","8.27","2.74"
"Sep-2007","15643.7","20136.9","3070.6","4834.7","81.7","589","2575.3","416.4","363.2","97.2","355.8","641.8","445.4","1588.6","12934.3","2720.1","710.1","962.3","7420.7","671.9","94.7","354.6","2367.9","1078.8","3","363.3","112.2","53.2","0","59","0","0","600.2","1984.2","220.1","731.3","1032.9","5.9","1.8","100.7","1137.6","1164.3","2015.6","23.6","80.7","660.1","192.8","44.9","83.7","48.7","968.4","771.3","136.9","4079.9","4134.4","3712.3","2516","2972.3","4614.9","10181.5","1394.6","20794.6","n.d","n.d","n.d","n.d","13.6","1","0.8","109.2","81.2","0.3","0.8","3.3","26.4","64.5","35.5","51.6","17.8","23.8","120.9","32.8","10.6","2.8","8.25","3.1"
"Jun-2007","14460.1","19469.2","2895.9","4673.2","64.1","615","2529.9","401.1","366.8","89.8","365.4","676.6","376.6","1464.2","12648.1","2362.2","676.3","991","7259.8","878","84.6","396.2","2147.9","1067.3","32.3","429.8","153.7","55","0","59","0","39.8","451.4","1819.5","172.2","551.9","1095.4","7.2","1.9","93.6","1816.7","1064.8","1745.4","22.6","72.4","607.2","165.3","40.8","69.8","107.5","792.8","752","6.1","3168.7","3934.2","2991.3","3077.5","2456.8","4085.6","9460.3","1338.7","19804.1","n.d","n.d","n.d","n.d","17.8","1.1","1.3","97.8","72.1","0.3","0.8","3.3","27.3","64.1","35.9","51.8","17.1","23.2","119","34.4","10.5","2.7","8.4","2.98"
"Mar-2007","14047.1","17811.4","2955.5","4907.1","79.1","537.3","2490.7","408","344.6","76.9","512.1","583.2","306.5","1799.9","11013.2","2069.3","630.9","977.2","5901.8","934.8","89.8","409.5","1891.1","1114.7","30.4","504.2","128.9","33.3","0","62.1","0","33.5","451.2","1769.9","124.5","691.3","954.1","7.2","63.7","94.4","1780.2","1033.6","1650.7","23.7","77.5","585.8","180.5","45.8","76.2","53.1","856.7","789.4","7.3","3089.6","3702.6","3062.7","2630.5","2905.7","3777.9","11282.5","1834.4","19293.8","n.d","n.d","n.d","n.d","32.6","1.1","1.1","104.5","78","0.3","0.9","3.4","29.1","62.5","37.5","50.9","21.3","28.7","131","36.8","10.5","2.5","8.13","2.96"
"Dec-2006","13732.8","17002","2868.2","5006.9","66.2","749.6","2477.8","363.1","343.9","91.6","537.6","555.8","308.1","1713.4","10247.6","2171.2","650.3","841.8","5546.3","569.1","82.5","386.4","1747.5","1074.5","0","525.3","98","29.3","0","62.1","0","6.6","451.2","1720.7","112","661.8","946.9","8.3","64.7","91.1","1670.9","919.9","1459","15.5","78.1","633.7","165.1","39.2","70","66.8","810.2","703","309.2","3056.8","3644.4","2679.9","2752.2","2519.1","4100.8","9959.3","1582.9","18688.5","n.d","n.d","n.d","n.d","-2","1.4","2.3","84.5","60.9","0.3","0.8","3.4","27.7","64","36","53","20.6","27.5","127.8","34.6","10.2","2.4","7.96","2.87"
"Sep-2006","13026.4","15404.2","2774.8","4643.6","79.5","771.9","2375.2","352.5","336.6","100","548.5","376.8","366.4","1417.1","9058.6","2130.5","717.3","482.4","4687.2","506.2","77.9","457.1","1701.9","906.7","0","383.1","72","0","0","65","0","7","451.5","1856.1","135.2","666.5","1054.3","8.5","3.5","78.4","1528.2","822.6","1325.6","15.5","68.2","597.9","199.4","41.8","71.5","65.6","697.9","689.9","309.2","2885.2","3629.5","3062.2","1998.1","2116.5","3572.2","8227.8","1311.8","18676.1","n.d","n.d","n.d","n.d","20.2","1.5","2.2","86.9","60.7","0.4","0.9","3.2","25.7","64","36","53.2","17.5","23.9","127","32.1","9.9","2.3","8.07","2.73"
"Jun-2006","12238.3","15042","2931.1","4335","75.1","669.1","2209.2","390.8","288.9","87","446.7","371.7","335.2","1381.5","9097.6","2004.8","596.8","565","4896.1","536.2","109.6","389.2","1609.4","975.3","0","448.3","71.9","2.8","0","65","0","4.1","455","1942.1","135.1","711.1","1095.9","9.6","4.1","68","1456.6","796","1229.7","15.5","66","536.6","195.6","42.7","64.5","62.3","693.2","658.8","309.2","2770","3273.6","1840.1","2218.1","2394.4","3281.2","8411.3","1268.8","18018.9","n.d","n.d","n.d","n.d","-7","1.2","0.9","113.9","81.4","0.4","1","3.3","26.6","64.3","35.7","54.2","17.7","24.2","126.4","34.9","9.3","2.2","8.09","2.47"
"Mar-2006","11834.6","14026","3051.3","3806.9","82.1","412","2056.7","328.4","267.1","75.1","449.5","380.1","275.3","1256.1","8675.9","1930.8","481.8","439.5","4299.8","534.1","75.7","914.2","1543.1","854.9","0","331.2","67.9","0","0","67.9","0","0","455.7","2180.9","182.4","485.8","1512.7","9.7","5.9","51.2","1293.8","777.2","1180.5","15.5","67.9","560.4","152.7","40.8","59.1","57.8","690.3","647.5","309.2","2820.9","3109.9","1468.6","2451.5","2175.5","3759.7","8027.5","1200.6","17764.2","n.d","n.d","n.d","n.d","37.7","2.1","4.3","67.5","47.5","0.4","1","3.7","30.5","63.5","36.5","53.8","18.6","25.4","129.7","35.9","9.2","2","7.77","2.19"
"Dec-2005","11794","13769.2","3185.7","3711.7","92.1","499","1925.3","364.6","277.9","77.9","357.5","385.8","283.7","1195.3","8825.4","2067.9","474.3","513.6","4385.9","402.9","41.2","939.4","1232.2","895.2","0","309.9","94.9","27","0","67.9","0","0","490.4","2268.5","261.6","467.4","1539.5","10.5","11.5","51.7","1060.6","909.5","1299.6","15.5","79.8","745.2","184.4","44.5","68.7","94.1","935.1","667.7","309.2","2120.4","3208.1","1388","1635.9","1531.9","3486","8320.4","1171.2","16772.8","n.d","n.d","n.d","n.d","-19.4","1.7","2.3","94.2","67.7","0.4","1.1","1.9","15","55.2","44.8","56","16","21.9","121.6","35.7","8.9","1.9","7.59","2.02"
"Sep-2005","9847.5","12559.8","3005.5","3589.3","95.3","345.4","1971.2","376.4","272","74","374.3","384.1","320.3","1177.5","7827.5","2036.6","449.3","506.3","3674.6","358.4","41.2","761.1","1143.1","1014.6","0","219.3","197.2","34.6","0","162.6","0","0","598","1899.4","258.4","372.6","1268.4","14.7","76.9","46.6","1005.9","841.3","1220.2","15.5","71.4","699.1","194.7","48.1","73.6","44.1","807.9","655.8","309.2","1908.4","1905.7","1821.6","1473.2","1069.3","3099.5","7359.7","1070.9","16336.5","n.d","n.d","n.d","n.d","28.7","1.8","2.3","90.6","65.9","0.4","1.2","1.3","10.3","48.8","51.2","54.6","16.6","22.7","127.7","34.5","9.2","2","6.99","2.26"
"Jun-2005","9445.7","12368.4","2683.8","3564.9","104.7","337.7","1954.8","339.8","249.4","65.2","281.2","546.9","326.1","1167.7","7858.6","1702.1","456.7","505.2","3975.1","439.7","41.3","738.4","944.9","1088.2","0","369.4","178.6","110.3","0","67.9","0","0.5","540.1","1573.5","485.1","420.1","668.3","15.7","6.4","94.7","853.7","863.1","1174.3","15.5","70.7","675.8","177.2","51.8","76.8","101.5","801","627","309.2","1895.7","1657.7","1176.7","1354.9","1400.3","2662.5","7638.2","986.7","15774.1","n.d","n.d","n.d","n.d","-15.9","2.6","4.7","70.7","53","0.5","1.4","n.d","n.d","n.d","n.d","n.d","16.6","22.1","130.4","35.4","8.8","1.7","6.96","1.64"
"Mar-2005","8957.6","10935.9","2289.5","3391.4","108.7","320.5","1827.9","299.9","236","55.9","268","548","258.3","1134.3","6725.4","1319.6","443","462.1","3374.8","395.8","38.1","692","819.2","930","0","171.5","302","112.4","0","189.1","0","0.5","456.4","1338.7","301.5","411.2","625.9","11.6","9.4","97.9","811.8","816.7","1124.9","15.5","72.3","586.6","184.6","47.5","71.3","82.8","785.9","633.7","309.2","1532.4","1784.3","1203.7","1293","847.9","2764.8","7138.5","979.6","15164.4","n.d","n.d","n.d","n.d","49.2","2.3","3.2","86.1","61.6","0.6","1.4","n.d","n.d","n.d","n.d","n.d","16.2","21.8","134.3","36.7","9","1.8","6.77","1.96"
"Dec-2004","8379.9","11215.5","1634.4","3443.7","115.8","402.9","1726.8","313.4","195.6","55.4","245","523.3","245","1198.2","6962.5","1300.6","415.4","431","3485","423.8","30.3","876.5","809.4","597.6","0","229.1","185.2","51.9","0","133.3","0","0","183.3","1013.8","342.1","340.6","331","12.9","10.1","36.6","764.1","781.6","1057.7","15.5","85.3","587.4","195.3","47.8","67.1","82.9","792.6","638.1","309.2","1381.1","1537.6","1574.8","896.6","831.7","2614","6044.6","895.1","14790.9","n.d","n.d","n.d","n.d","48.7","4","7.9","54","40.3","0.5","1.6","n.d","n.d","n.d","n.d","n.d","14.9","20.7","131.5","37.8","9.1","1.9","6.96","1.56"
"Sep-2004","7898.5","10085.7","1924.4","3374.8","100.4","330.7","1732.1","334.5","141.1","55.5","258.1","564.8","236","1211.6","6087.3","1133.3","295.8","438.3","2962.1","455.7","29.5","772.6","623.6","830.9","0","351.1","65.5","65.5","0","0","0","0","414.2","1065.2","342.7","213.8","508.7","12.6","15.9","50.8","688.2","711.2","1023.4","15.5","63.4","536.5","201","48.5","71.5","63.9","700.3","544.4","309.2","1357.9","1513","1362.9","640.7","691.5","2199.3","5150.1","784.7","14355.9","n.d","n.d","n.d","n.d","39.6","2.4","2.2","94.6","70.4","0.6","1.7","n.d","n.d","n.d","n.d","n.d","12.5","17.9","128.7","39.1","9.3","2","6.31","1.61"
"Jun-2004","7454.1","9652.2","1561","3057.9","98.4","270.2","1535.6","319.4","131.1","65.2","236.4","487.2","203.5","1153.7","6055.3","999.6","314.9","448.7","2720.3","268.2","21.1","1282.7","539","563.4","8.9","372.7","24.9","24.8","0","0","0","0","157","951.1","293.1","175.9","482.1","13.5","33","38.3","600.6","713.3","1014.4","15.5","62.6","524.9","174.5","46.5","69.7","72.6","687.5","525.4","309.2","1294","1305.1","929.3","911","1026","2176.1","5387.4","827.5","14406.6","n.d","n.d","n.d","n.d","46.5","2","0.7","123.4","88.5","0.7","1.7","n.d","n.d","n.d","n.d","n.d","16.6","23.4","142.3","38.4","9.7","2.1","6.3","1.51"
"Mar-2004","7408.2","9627.6","1232.7","3482.2","125.4","279.7","1709.5","321.4","111.1","49.7","366","590","183","1367.6","5879.9","1207.9","316.2","491.5","3095.6","354.2","16.3","398.2","265.5","562.2","44.6","212.7","44.6","44.6","0","0","0","0","260.3","574.9","258.7","105.8","210.4","14.1","81.6","32","521.2","775.5","1177","15.5","68","359.1","187.1","47.3","65.7","63.2","850.8","555.9","309.2","1245.6","1134.9","806.2","998.3","692.6","2778.5","5417.8","827.5","14347.8","n.d","n.d","n.d","n.d","60.6","2.4","2.2","104.1","70.3","0.8","1.7","n.d","n.d","n.d","n.d","n.d","17.8","25.2","146.9","40.2","9.9","2.3","6.39","1.6"
"Dec-2003","6763.9","9096.3","897.3","3419.8","106","448.5","1725","335.4","161.2","54.1","362.1","421.9","260.9","1140.4","5634.8","1226.2","295.6","525.3","2866.1","64","118.1","539.4","41.7","524.1","39.9","316.2","69.6","49.6","0","0.4","0","19.6","98.3","336.6","86.1","74.4","176","14.4","22.2","30.1","374.9","725.7","1179.1","15.5","70.8","480.3","190.1","46.6","69","66.2","724.6","564.4","309.2","1154","763.5","759.6","441.5","858","1730.8","4187.1","598.2","15242.4","n.d","n.d","n.d","n.d","64","2","-1.1","148","117.5","0.6","2.3","n.d","n.d","n.d","n.d","n.d","16.1","22.7","149.4","34.4","10","2.3","5.69","1.72"
"Sep-2003","6106.3","8677.3","527.9","3154","62.9","473.3","1559.2","263.6","123.4","92.9","349.6","432.6","198.9","1058.6","5402.8","1081.5","223.8","485.2","2908.9","70.9","18.3","614.3","120.5","147.3","16.5","77.8","1.1","0","0","1.1","0","0","51.8","310.2","76.3","123.3","110.6","14.4","56","22.7","353","645","1012.4","15.5","58.9","245.1","194.3","44.6","72.8","53.5","672","515.5","309.2","1169","722.8","955.6","596.3","1271.6","2019.9","4047","666.8","13687.3","n.d","n.d","n.d","n.d","54.8","2.7","2.3","115.3","71.9","1.2","2","n.d","n.d","n.d","n.d","n.d","17","24.1","154.5","29.9","11","2.4","6.21","1.75"
"Jun-2003","5960.5","7886.6","807","2783.3","67.3","474","1425.3","275.4","90","104","362.2","374","150.6","816.8","4994.6","1070","216.6","416","2501.7","82.2","16","692.1","108.6","290.8","36.9","242.5","1.9","0","0","1.9","0","0","9.5","447.6","114.4","129.9","203.4","15.3","53.3","20.5","174.9","631.6","998","15.5","59.4","218.5","171.4","43.2","63.7","56.4","671.4","537.5","309.2","1283.5","705.9","1032.1","448.9","572.2","2341.2","4043.2","702","13668.5","n.d","n.d","n.d","n.d","68.2","3.5","4.1","107.1","61.6","1.6","2.2","n.d","n.d","n.d","n.d","n.d","20.5","28.8","163.4","35.4","11.7","2.6","7.76","1.81"
"Mar-2003","6270.4","7801.7","924.2","2774.6","74.7","428.2","1522.3","268.7","87.8","109.1","372.6","436","174.2","749.5","4920","1151.2","220.3","435","2390.1","45.5","16.5","661.3","107.1","502.4","151.8","344.2","3.1","0","0","3.1","0","0","3.2","364.7","123.2","73.6","167.9","15.3","41.8","22.6","184.7","670.9","1031.5","15.5","73.1","213.5","207.7","53.5","77.6","77.4","709.1","561.6","309.2","1352.9","709.7","743.6","549.9","493.5","1871.9","3586.5","635.4","13643.9","n.d","n.d","n.d","n.d","-2.2","3.3","0.4","143.8","95.7","1.6","3.1","n.d","n.d","n.d","n.d","n.d","16.1","23","151.7","34.1","12","2.7","7.66","1.92"
"Dec-2002","6318","7287","1248.3","3110.1","80.1","254.7","2073.3","261.9","75","97.2","539.5","732.1","238.3","702.1","4070.9","953.6","164.6","503.2","1770.9","46.8","13.5","618.3","105.9","607.7","190.8","390.3","24.8","20.8","0","4","0","0","1.9","582.7","65.7","83.8","433.2","16.1","41.8","22.1","184.7","631.3","1088.1","16.2","74.1","214","212.8","51.9","84.9","70.5","657.2","585.4","144.4","1563.2","717.1","807.9","646.8","522.4","2299.7","4121","721.6","13384.7","n.d","n.d","n.d","n.d","49.8","3.7","3.4","106.7","70.8","1.3","2.6","n.d","n.d","n.d","n.d","n.d","16.6","23.3","154.1","34.3","12.5","3","7.8","2.23"
"Sep-2002","6261.1","7426.5","1217.3","3254.2","76.4","388.4","2174.5","325","86.5","96.2","543.5","765.7","234.2","614.9","4069.4","1082.7","162.6","441.4","1696.4","63.6","12","610.7","102.9","539","180.2","330.5","25.3","20.6","0","4.7","0","0","2.9","573.9","18.5","110","445.3","16.1","88.3","19.9","188.8","619.5","1021.2","34.9","70.5","172.6","212.2","52.3","81.7","62.9","649.9","587.7","218.5","1550.9","717.6","866.5","510.9","825.9","1760.8","3144.6","663.7","13519","n.d","n.d","n.d","n.d","-3.1","3.5","3.3","108.9","70.8","1.3","2.5","n.d","n.d","n.d","n.d","n.d","14.8","20.9","150.2","32.6","12.6","3.2","7.95","2.49"
"Jun-2002","6344.7","7588.2","975.2","2943.1","135.6","650.9","1649.8","285.5","89.6","87.7","370.1","506.6","228.7","506.7","4577.6","1235.1","381.2","511.5","1718.8","131.1","44.4","555.6","67.6","627.8","82.7","456.7","85.6","45.7","0","39.8","0","0","2.8","247.8","82.7","69.7","95.4","16.9","82.7","19.6","188","576","954.8","35.7","70.2","178.8","195.8","47.9","74.6","60.6","671.2","552.7","435.6","1587","696.3","871.7","488.7","593.3","1430.2","3318.2","705.1","14069.2","n.d","n.d","n.d","n.d","-4.6","4.1","5.7","90.5","57.8","1.3","2.4","n.d","n.d","n.d","n.d","n.d","16.1","22.8","151","32.8","13","4","7.77","2.85"
"Mar-2002","6160.5","7283.4","1341.9","2584","108.7","319.1","1565.8","269.7","86.5","81.1","274.8","575.1","201.1","590.4","4598.6","1209.2","396.4","633","1667.7","148.1","27.5","516.7","100.7","1011.5","157.8","557.4","293.7","15.6","0","278","0","0","2.7","225.9","54.1","55.3","116.5","16.9","87.6","12.8","171.4","568.5","957.2","35.9","69.8","173.8","193.1","49.1","69.5","53.6","658.9","510.1","376.4","1585.9","674.5","1279.9","354.1","509","1505.3","3355.5","503.8","14048.7","n.d","n.d","n.d","n.d","10.6","3.7","5.1","96.4","58.5","1.4","2.2","n.d","n.d","n.d","n.d","n.d","16.7","23.7","153.2","31.9","13.3","4.5","8.44","3.43"
"Dec-2001","6318.4","7233.6","1200.1","2406.9","123.7","262.7","1469.6","246.2","86.7","64.5","232.9","537.1","209.8","550.8","4729.7","1085.8","439.7","707.2","1773.7","120","13.9","589.3","97","834.6","48.8","548.2","233.3","15.7","0","217.6","0","0","4.4","249.5","21.4","70.6","157.6","17.6","98.4","24.8","432.5","517.3","1048.7","34.5","69.4","197.3","188.1","45.6","70.8","54.9","605","475.7","647","1260.1","646.8","1337.2","359.5","449.8","1538.6","3865.6","501.3","13378.1","n.d","n.d","n.d","n.d","8","3.3","4.7","93.5","57.7","1.2","1.9","n.d","n.d","n.d","n.d","n.d","18","25.1","150.8","32.6","14.1","5.2","9.25","4.32"
"Sep-2001","6100.3","7551.1","969.3","2817.4","81.1","632.3","1576.2","278.7","80.6","99.4","192.7","561.2","243.4","527.8","4631.8","1323.3","391.6","755.5","1295.2","391.8","32.2","442.2","101.9","502.2","105.9","25.1","368.6","0.1","0","266.5","102","0","2.6","330.8","37.5","91","202.3","17.6","118.8","7.7","172","503.6","1100.8","38.3","62.8","198.7","226.1","45.1","83.6","46.8","594.5","497.5","635","1251.7","636.3","1374.6","452.4","583.5","1312.2","3554.3","423.5","12782.9","n.d","n.d","n.d","n.d","2.3","3.1","4.6","98.3","57.3","1.3","1.8","n.d","n.d","n.d","n.d","n.d","18.2","25.6","144.9","33.2","14.5","5.5","9.18","4.6"
"Jun-2001","6158.3","7590.7","840.2","3405.9","198.4","1035.2","1674.5","300.3","102.7","97.7","313.4","513.8","248.4","497.8","4075.9","1037.8","143.4","658.5","1779.9","246.2","24","186.2","108.9","407.4","17.4","152.6","224.4","26.1","0","152.6","45.8","0","13","357.1","90.5","111.8","154.8","18.3","57.4","12.4","153.2","496.3","1077","38.7","65.3","208.1","218","44.7","73.8","47.2","586.3","503.1","582","1435","617.2","564.5","446.6","420.8","1412","3044.6","440.9","12316.4","n.d","n.d","n.d","n.d","-1.2","3.4","6","87.8","51.3","1.2","1.7","n.d","n.d","n.d","n.d","n.d","15.5","22.1","132.7","34.8","14.4","6.2","9","5.02"
"Mar-2001","5919.5","6714.5","715","2558.9","90.3","539.1","1399.7","242.2","87.1","54.4","312.3","394.8","234.6","529.9","4040.3","1040.1","144.7","715.3","1835.9","133.1","21.9","149.3","115.3","352.9","38.1","55.6","256.9","38.5","0","61.8","156.6","0","2.4","247.2","60.3","50.1","136.8","18.3","96.6","14.9","191.6","529.1","1075","41.2","64.8","193.1","216.3","44.6","65.4","61.8","579.1","470.7","504.3","1290.2","577.7","514.4","156.2","432.5","1615.3","3042.7","398.4","12468.7","n.d","n.d","n.d","n.d","-0.4","2.9","3.9","105.5","61.8","1.3","1.8","n.d","n.d","n.d","n.d","n.d","17","24.1","144.1","33.1","15","6","10.27","5.8"
"Dec-2000","6039.8","6709.8","478.5","2628.5","98.2","332.6","1619","313.7","83.1","59.5","341","495.8","242","578.6","3959.1","951.3","173.4","761.1","1622","89.6","22.6","339.2","122.2","87.4","21.7","43.7","10","0.1","0","9.9","0","0.1","12","244.5","139.7","53.9","50.9","18.9","127.6","13.7","158.8","645.5","1231.9","42.9","75","189.4","213.4","43.1","71.8","61.8","682.1","469.6","0","1549.7","591.2","606.5","135.9","380.3","1358.3","3369.2","420.3","12246.3","n.d","n.d","n.d","n.d","3.9","4","7.2","78.8","47.3","1.2","1.9","n.d","n.d","n.d","n.d","n.d","17.8","25.7","145.8","31.1","15.3","6","10.82","5.63"
"Sep-2000","6159.2","6466.9","679","2410.6","82.9","142.8","1603.5","344.6","77.4","56.4","302.6","488.1","238.4","581.4","3966.1","978.9","141.9","784.1","1569.2","110.5","20.6","360.9","90.2","318.4","95.8","169.7","48.3","0","0","48.3","0","0","4.7","263","109.3","53.4","100.3","0.1","97.5","17","127.4","585.5","1264.4","43.3","64.7","153.5","203.9","45.4","85","57.9","572.9","512.3","0","1711.4","714.6","637.2","168.8","423.2","1287.7","2452.9","339.7","12099.6","n.d","n.d","n.d","n.d","0","4.5","9.1","63.3","44.2","0.9","2","n.d","n.d","n.d","n.d","n.d","14.6","21","135.9","29.6","15.3","6.1","10.7","5.74"
"Jun-2000","5924","6310.7","795.8","2204","58.6","111","1526.2","459.5","79","45.8","196.5","430.3","146.7","508.2","4018.7","1213.6","125.4","623.8","1492.9","14.5","20.9","527.7","88","443.9","82.1","333.5","28.3","0","0","28.3","0","0","0","171.8","65.2","23.6","83","0.1","180","16","135.4","565.4","1236.8","41.7","65.6","164.3","173.9","46.3","83.4","59.3","528.6","443.8","0","1648.7","714.9","601.5","121.3","330.9","1146.4","2566.2","316.4","11995.6","n.d","n.d","n.d","n.d","n.d","5.2","12.8","56.8","37.9","1","2","n.d","n.d","n.d","n.d","n.d","16","22.7","136","31","15.2","6","9.45","5.54"
"Mar-2000","5929.5","5993.4","792.4","2142.2","70.2","81.1","1516","363.1","64.2","47.5","145.4","578.3","228.6","474.9","3759.3","957","202.7","603.8","1500.5","60.7","25.2","409.3","91.9","410.9","53.2","298","59","0","0","35.6","10.2","13.1","0.8","289.9","159.5","12.3","118","0","91.7","23.7","128.8","559.4","1238.4","42.2","67.4","154.4","178.5","43.7","76.1","57.2","521","468.5","0","1655","715.2","599.2","153.5","473.7","858.6","2513.4","343.4","11818.3","n.d","n.d","n.d","n.d","n.d","5","12.9","58.8","38.1","1","1.9","n.d","n.d","n.d","n.d","n.d","15.6","22.1","136.7","29.6","15.2","6.1","10.26","4.99"
"Dec-1999","6013.3","5740.7","567.7","2423.6","289.3","147.8","1352.2","293.3","39.6","50.4","185","530.8","163.3","634.2","3220.9","544","239.7","531.2","1322.3","162.2","17.9","403.8","96.2","235.3","62.5","129","43.4","0","0","37.4","0","6","0.4","306.1","154","8.3","143.8","0","26.3","14.8","131","576.5","1259.3","22.6","71.6","165.5","185.6","43.1","82.1","57.8","517.8","467.6","0","1697.6","720.2","493.7","214.2","237.8","763.4","2589.1","362.2","11802.7","n.d","n.d","n.d","n.d","n.d","5","12.7","59.7","38.2","1.1","1.9","n.d","n.d","n.d","n.d","n.d","16.9","23.8","138.5","31.2","15.7","6.1","10.06","5.1"
"Sep-1999","5612.6","5544.9","906","2252.4","264.3","70.3","1312.9","298","46.5","54.5","190.4","505.3","144.6","605","3196","541.7","222.7","638","1031.2","141.1","61.3","560.1","96.5","559.3","72.4","404.4","82.5","0","0","27.2","55.2","0","0","294.9","166.4","38.8","89.7","0","51.9","14.4","176","443.5","1208.2","40.2","59.4","156.6","180.3","39.6","82.6","57.4","455.9","438","0","1529.9","730.7","580.7","112.9","281.8","879.3","2273.7","333","11964.1","n.d","n.d","n.d","n.d","n.d","4.6","11","67.7","42.5","1.2","1.9","n.d","n.d","n.d","n.d","n.d","17","23.2","141.4","30","16.2","5.9","9.98","5.73"
"Jun-1999","5455.2","5528.1","1096","1835.7","78.3","57.3","1310.5","298.8","71.5","48.5","165.1","501.5","157.1","389.6","3608.7","841.3","201.9","700.1","1149.8","3.5","27","685.1","83.7","771.6","329.7","411.1","30.3","0","0","27.2","0","3.1","0.4","292.4","162.1","25.6","104.7","0","32","14.8","162.2","508.6","1144","42.3","62.1","151.2","146.3","38.1","70.8","58.7","434.3","422.2","18.2","1441.8","739.8","608.8","117.3","336.5","1112.8","2376.8","291","11867.8","n.d","n.d","n.d","n.d","n.d","4.8","12.2","64.4","44.5","0.9","2.1","n.d","n.d","n.d","n.d","n.d","17.8","23.9","143.6","30.1","15.9","6.4","9.74","4.95"
"Mar-1999","5352.9","5276.9","929.7","1787.8","101.6","102.9","1186.5","243.8","77.4","51","126.9","452.9","161.5","396.9","3407.6","872.4","211.1","597.4","1087.8","23.3","17.2","598.4","81.5","563","326.1","234.1","2.5","0","0","0","0","2.5","0.2","348.9","153.4","111","84.5","0","17.8","16.4","167.6","504.9","1115.5","42.6","64.3","144.9","151","39.3","64.7","59.5","427.2","391","41.5","1394.7","727.8","515.6","118.7","314.9","1043.8","2252.9","289.5","11618.3","n.d","n.d","n.d","n.d","n.d","5","12.6","62.2","44.7","0.9","2.3","n.d","n.d","n.d","n.d","n.d","17.4","23.4","145.1","28.6","15.8","6.6","9.76","4.97"
"Dec-1998","5124.6","5390.8","926","2080.6","117.2","156.7","1423.8","243.2","76.1","64.3","125.2","488.1","294.5","382.9","3225.6","878.9","214.9","419.6","1172.2","1.1","12.7","526.2","84.5","671.7","245.3","419.6","6.6","0","0","0","0","6.5","0.2","237.2","143.8","49.4","43.9","0","17.1","17.2","121.8","461.2","977.2","44.6","67.3","143.8","149.2","35.2","62.7","47.9","403","374.8","124.7","1334.3","759.8","421.9","244.3","433.7","1125.4","2280.2","322.2","11374.7","n.d","n.d","n.d","n.d","n.d","5.5","14.8","56","40.8","0.8","2.3","n.d","n.d","n.d","n.d","n.d","17.2","22.7","146.8","29.5","15.5","6.5","9.15","5.17"
"Sep-1998","4884.7","5255.5","859.5","1936","118.6","54.8","1409","285","82.3","71.7","111.7","531.2","252","353.5","3220.4","787.6","202.9","418","1285.9","4.3","11.3","510.4","99.2","640.5","271.1","339.1","28","20.6","0","0","1","6.4","2.3","202.4","143.6","42.1","16.7","0","16.7","19.8","117.8","368.3","877.3","46.5","62.7","132.3","161.6","36.6","69.6","38.1","366.4","387.3","43.5","1362.1","794.9","470.6","271.5","463","951.2","2328","295.9","11426.4","n.d","n.d","n.d","n.d","n.d","5.8","15.7","55.6","38.6","1","2.2","n.d","n.d","n.d","n.d","n.d","16.2","21.3","153.4","28.8","15.6","6.4","9.84","5.22"
"Jun-1998","4700.1","5193.1","727.8","2080","129.7","136.6","1469.2","254","95.2","50.5","119.8","586.1","265","344.6","3026.9","933.2","149.5","340.5","1255.4","2","10.7","335.6","86.1","486.4","215.4","244.5","26.5","22.4","0","0","1.1","3","0.1","225.9","144.8","56.4","24.8","0","15.4","26.7","133.1","386.3","742.4","55.4","63.3","142.2","122.4","36.9","61.7","55.5","341.7","394","6.1","1326.6","805.9","485.9","224","627.3","988.1","2433","278","11098.1","n.d","n.d","n.d","n.d","n.d","6.3","16.5","56.1","39.6","1","2.5","n.d","n.d","n.d","n.d","n.d","17.2","22.5","157.5","30.2","15.2","6.2","9.86","5.44"
"Mar-1998","4475.1","4887.7","658.7","1753.9","112.8","75.2","1216.5","257","92.6","63.3","123.2","370.5","223.7","349.3","3056.4","918.7","147.5","340.9","1371.2","4.1","8.1","266.1","77.4","488.3","186.2","201.7","98.7","70.4","3.7","0","21.6","3","1.7","157.2","107.1","36.8","13.4","0","13.2","21.4","124.4","353.9","672.8","72.4","60.6","152.9","127.7","31.2","53.4","45","338.6","363.9","53.8","1234.3","768.8","445.1","129","410.6","693.9","2387.1","240.5","10712.7","n.d","n.d","n.d","n.d","n.d","6.8","18","54.6","38.9","1.1","2.6","n.d","n.d","n.d","n.d","n.d","15.9","20","155.6","26.3","14.4","5.9","9.76","5.11"
"Dec-1997","4541.8","6322.7","686.4","1617.1","107.4","82","1091","193.3","86.5","49.7","98.6","363.9","213.3","336.8","4623.9","815.9","123.7","379.4","1538.7","1.7","10.7","1754","81.7","508","185.6","274.6","44.6","9.7","14.4","0","17.6","2.9","3.3","171.6","111.1","36.2","24.3","0","6.8","19.3","142.9","386.1","657.7","55.1","69.3","180.6","136.5","32.6","61.5","49.7","350.3","409.8","86.6","1136.4","767.5","463.2","265.6","388.1","513.7","2473.2","412.9","9651.3","n.d","n.d","n.d","n.d","n.d","6.7","18.3","52.4","38.4","0.9","2.6","n.d","n.d","n.d","n.d","n.d","14.6","18.3","146.7","27","13.2","5.5","9.89","4.85"
"Sep-1997","3993.1","4476.1","691.5","1563.4","111.2","91.3","1079.9","181.7","104.5","57.9","126.9","347.2","157.1","281","2837.8","873.1","78.7","381.1","1259.8","17.8","11.2","216","74.9","478.8","127.2","312.5","35.1","15.2","0","0.3","16.8","2.8","4","206.2","129.9","58.8","17.5","0","6.6","18.1","137","323","508.8","47.8","56.7","154.7","136.9","32","62.7","39","315.7","339.8","46.5","1007.6","766.6","415.9","239.3","406.7","591","1966.5","260.2","9892.4","n.d","n.d","n.d","n.d","n.d","6.8","13.2","54.8","41.2","0.9","2.8","n.d","n.d","n.d","n.d","n.d","14.5","19","159.2","24.6","13.8","5.6","9.98","4.78"
"Jun-1997","3376.7","4541.2","544.1","1602","97.5","91.4","1160.6","146.1","99.8","54.8","154.8","409","187.7","252.6","2867.7","891.8","106.9","296.3","1276.9","18.9","8.6","268.3","71.5","316.9","121.8","132.2","60.8","15.6","0","3.2","16.8","25.2","2.1","220.6","172","16.3","32.3","0","6.6","16.2","74.8","286","405.9","62.9","48.9","68.6","94.2","29.3","54.7","30.9","282","331.2","43.7","803.1","744.4","426.9","138.8","429.9","606.6","1636","289.6","9843.6","n.d","n.d","n.d","n.d","n.d","7.5","20.5","49.9","40.9","0.7","3.1","n.d","n.d","n.d","n.d","n.d","15.5","19.7","161.2","22.9","13.9","5.6","10.12","4.77"
"Mar-1997","3112.8","4419.3","601.4","1468.1","98.5","112.5","1017.5","130.1","81.6","45.9","115","364","167.7","239.7","2815.2","924.6","104.1","266.2","1216.9","19","10.2","274.1","136","333.6","76.5","173.2","82.4","59.1","0","3.2","16.8","3.3","1.5","261.4","200.9","30.5","30","0","6.4","18.8","107.9","264.5","349.5","50.7","51.7","78","95.7","26.9","44.6","26.8","181.4","311.6","47.1","708.6","748.9","380.3","124.8","404.8","656.5","1531.7","222.1","9620.1","n.d","n.d","n.d","n.d","n.d","8","21.1","48.2","39.1","0.7","3.1","n.d","n.d","n.d","n.d","n.d","15.5","19.7","162.1","22.7","14.3","5.8","9.6","4.91"
"Dec-1996","3132.9","4221.9","782.5","1474.2","103.3","76.8","1082.3","135.6","78.7","44.7","121.8","404.9","184.6","211.8","2612","860","83.9","271.6","1045.7","27.3","9.6","314","135.6","361.2","144.5","109.4","107.2","96.9","7.8","0","1.2","1.3","0.1","412.6","272.3","39.2","101","0","8.7","19.5","125.3","249.2","299.3","54.3","55.3","89.5","108.4","32.5","48.4","29.6","307","288.7","6.5","673.8","745.7","526.8","130.9","388.3","732.6","1695.9","217.4","9196.1","n.d","n.d","n.d","n.d","n.d","9.3","25.2","47.7","40.2","0.7","3.7","n.d","n.d","n.d","n.d","n.d","16.3","20.9","161.7","21.4","15.1","6.2","10.02","4.91"
"Sep-1996","3005","5579.1","802.3","1500.4","101.1","82.1","1130.2","136.7","77.8","42.7","144.9","455.9","169.5","187","3924.3","875.9","51","236.2","1225.4","3.5","7.1","1525.2","154.5","351.8","134.3","80.3","137.1","126.6","7.8","0","1.3","1.5","0.1","424.8","276.6","37.4","110.8","0","25.7","15.2","93.4","261.4","308.1","50.5","42.9","59.2","105.7","25.2","48.7","25.8","272.8","303.9","34.3","599","758.9","514.2","174.4","670.3","806.8","1651.8","202.9","9046","n.d","n.d","n.d","n.d","n.d","8.7","21.5","52.4","46.2","0.5","4","n.d","n.d","n.d","n.d","n.d","17.4","23","168.5","21.8","14.2","5.8","9.7","5.27"
"Jun-1996","2977.3","4268.6","790.5","1477.8","114","107.2","1043.8","132.9","69.3","38","97.2","446.1","157.6","212.9","2614.2","784.7","51.4","239.4","1251","1.5","14.9","271.3","176.6","377.9","134.4","85.6","157.9","147.6","7.8","0","1.3","1.3","0","387.9","257.9","20.5","109.5","0","24.7","14.3","93.3","255.3","272","57.1","41.2","68.8","81.5","24.1","43.4","23.6","270.4","319","45.3","598.5","769.7","378.4","146.2","613.3","910.5","1350.3","188.6","8955.5","n.d","n.d","n.d","n.d","n.d","9.2","22.9","54.3","47.9","0.6","4.4","n.d","n.d","n.d","n.d","n.d","16.2","21.5","164.8","20.3","14","5.9","9.61","5.29"
"Mar-1996","3020.2","4645","738","1452.7","96.5","83.8","1048","127.9","67.2","39.5","143.3","478","88","224.4","3032.6","753.6","44.8","225.3","1077.6","42.3","9.8","879.1","159.6","307.2","115.3","90","101.6","89.1","7.8","0","1.3","3.5","0.3","404.6","285.9","40","78.8","0","26.1","13","98","266.4","270.8","52.6","49.3","79.8","90.5","24.7","41.3","27","261.2","321.7","42","598.1","784","262.1","116.1","534.5","821","1305.7","207.8","8848.6","n.d","n.d","n.d","n.d","n.d","10.9","37.2","44.4","37.5","0.7","4.1","n.d","n.d","n.d","n.d","n.d","15.2","20.2","165.2","20.4","13.3","5.7","9.28","5.14"
"Dec-1995","2987.1","3950.1","691.8","1470.2","99.2","93","1089.3","99.3","59.9","35.6","93.4","563.9","145.3","188.7","2334","752.9","36.8","197.6","1032.4","1.2","11.1","301.9","145.9","237.5","112.7","46.2","78.5","60.8","7.8","0.1","8.3","1.5","0.1","425.7","303","42.8","80","0","28.6","12","38.5","266.8","315.3","54.1","31.5","35.9","61","27.8","50","35.1","384.9","283.3","43.4","572","775.6","352.3","207.7","642.7","865.7","1470.3","176.9","8634.3","n.d","n.d","n.d","n.d","n.d","10.2","31.6","51.1","42.2","0.9","4.3","n.d","n.d","n.d","n.d","n.d","16.8","22.3","172.7","19.5","13","5.5","9.85","5.23"
"Sep-1995","2997.8","4022","629.4","1454.9","122.4","95.3","1053.4","114.8","52.3","36.5","94.5","460.1","199.5","183.7","2375.5","788.2","31.2","196.4","906.6","17.6","8.8","426.7","191.6","261.4","112.7","68.9","79.8","68.5","7.8","0.7","1.5","1.3","0.1","337.5","213","34.6","90","0","30.5","15.6","103.5","264.6","231.4","48.4","47","73.1","94.8","24.4","48.2","28.3","240.1","303","26.2","607.6","841.4","266.4","152.5","575","895.4","1250.9","171.2","8425.6","n.d","n.d","n.d","n.d","n.d","9.4","25.8","63","50.7","1.2","4.8","n.d","n.d","n.d","n.d","n.d","15.8","21","166.3","19.9","13.3","5.8","9.49","4.89"
"Jun-1995","2909.3","4015","938.4","1512.6","124.4","96.2","1126.7","152.2","53.1","50.7","98.4","434.8","234.1","165.2","2317.9","837.9","29.9","149.9","1034.9","16","11.3","238","184.6","373.7","158.7","141","74","59.8","8.5","2.1","2","1.6","0.1","534.2","171.5","126.1","236.6","0","30.5","16.2","93.8","271.4","217.8","51.4","41","71.4","64.9","23","40.3","23.7","251.7","308.9","38.8","974.6","420.5","316.5","156.2","609.5","980.2","1384","186.4","8264.8","n.d","n.d","n.d","n.d","n.d","9.9","28.5","66.8","50.5","1.6","5","n.d","n.d","n.d","n.d","n.d","18.3","24.7","168.8","21.5","13.3","6","9.19","4.96"
"Mar-1995","2928.5","n.d","n.d","n.d","n.d","n.d","n.d","n.d","n.d","n.d","n.d","n.d","n.d","n.d","n.d","n.d","n.d","n.d","n.d","n.d","n.d","n.d","n.d","n.d","n.d","n.d","n.d","n.d","n.d","n.d","n.d","n.d","n.d","n.d","n.d","n.d","n.d","n.d","n.d","20.2","95.5","242.6","196.3","55.3","39.5","67.7","68.7","21.3","33.1","23.8","240.4","293.1","41","566.7","923.3","204.5","133.9","638.5","765.6","1598.7","178.4","8378.7","n.d","n.d","n.d","n.d","n.d","9","23.1","73.9","56.1","1.6","5.1","n.d","n.d","n.d","n.d","n.d","20.7","27.5","171.4","22.4","13.4","6.1","10.18","4.61"
"Dec-1994","n.d","n.d","n.d","n.d","n.d","n.d","n.d","n.d","n.d","n.d","n.d","n.d","n.d","n.d","n.d","n.d","n.d","n.d","n.d","n.d","n.d","n.d","n.d","n.d","n.d","n.d","n.d","n.d","n.d","n.d","n.d","n.d","n.d","n.d","n.d","n.d","n.d","n.d","n.d","n.d","n.d","n.d","n.d","n.d","n.d","n.d","n.d","n.d","n.d","n.d","n.d","n.d","n.d","n.d","n.d","n.d","n.d","n.d","n.d","n.d","n.d","n.d","n.d","n.d","n.d","n.d","n.d","n.d","n.d","n.d","n.d","n.d","n.d","n.d","n.d","n.d","n.d","n.d","n.d","n.d","n.d","n.d","13.5","5.9","n.d","n.d"
"Sep-1994","n.d","n.d","n.d","n.d","n.d","n.d","n.d","n.d","n.d","n.d","n.d","n.d","n.d","n.d","n.d","n.d","n.d","n.d","n.d","n.d","n.d","n.d","n.d","n.d","n.d","n.d","n.d","n.d","n.d","n.d","n.d","n.d","n.d","n.d","n.d","n.d","n.d","n.d","n.d","n.d","n.d","n.d","n.d","n.d","n.d","n.d","n.d","n.d","n.d","n.d","n.d","n.d","n.d","n.d","n.d","n.d","n.d","n.d","n.d","n.d","n.d","n.d","n.d","n.d","n.d","n.d","n.d","n.d","n.d","n.d","n.d","n.d","n.d","n.d","n.d","n.d","n.d","n.d","n.d","n.d","n.d","n.d","13.8","6","n.d","n.d"
"Jun-1994","n.d","n.d","n.d","n.d","n.d","n.d","n.d","n.d","n.d","n.d","n.d","n.d","n.d","n.d","n.d","n.d","n.d","n.d","n.d","n.d","n.d","n.d","n.d","n.d","n.d","n.d","n.d","n.d","n.d","n.d","n.d","n.d","n.d","n.d","n.d","n.d","n.d","n.d","n.d","n.d","n.d","n.d","n.d","n.d","n.d","n.d","n.d","n.d","n.d","n.d","n.d","n.d","n.d","n.d","n.d","n.d","n.d","n.d","n.d","n.d","n.d","n.d","n.d","n.d","n.d","n.d","n.d","n.d","n.d","n.d","n.d","n.d","n.d","n.d","n.d","n.d","n.d","n.d","n.d","n.d","n.d","n.d","13.3","6.1","n.d","n.d"
"Mar-1994","n.d","n.d","n.d","n.d","n.d","n.d","n.d","n.d","n.d","n.d","n.d","n.d","n.d","n.d","n.d","n.d","n.d","n.d","n.d","n.d","n.d","n.d","n.d","n.d","n.d","n.d","n.d","n.d","n.d","n.d","n.d","n.d","n.d","n.d","n.d","n.d","n.d","n.d","n.d","n.d","n.d","n.d","n.d","n.d","n.d","n.d","n.d","n.d","n.d","n.d","n.d","n.d","n.d","n.d","n.d","n.d","n.d","n.d","n.d","n.d","n.d","n.d","n.d","n.d","n.d","n.d","n.d","n.d","n.d","n.d","n.d","n.d","n.d","n.d","n.d","n.d","n.d","n.d","n.d","n.d","n.d","n.d","13.3","6.3","n.d","n.d"
"Dec-1993","n.d","n.d","n.d","n.d","n.d","n.d","n.d","n.d","n.d","n.d","n.d","n.d","n.d","n.d","n.d","n.d","n.d","n.d","n.d","n.d","n.d","n.d","n.d","n.d","n.d","n.d","n.d","n.d","n.d","n.d","n.d","n.d","n.d","n.d","n.d","n.d","n.d","n.d","n.d","n.d","n.d","n.d","n.d","n.d","n.d","n.d","n.d","n.d","n.d","n.d","n.d","n.d","n.d","n.d","n.d","n.d","n.d","n.d","n.d","n.d","n.d","n.d","n.d","n.d","n.d","n.d","n.d","n.d","n.d","n.d","n.d","n.d","n.d","n.d","n.d","n.d","n.d","n.d","n.d","n.d","n.d","n.d","12.7","6.4","n.d","n.d"
"Sep-1993","n.d","n.d","n.d","n.d","n.d","n.d","n.d","n.d","n.d","n.d","n.d","n.d","n.d","n.d","n.d","n.d","n.d","n.d","n.d","n.d","n.d","n.d","n.d","n.d","n.d","n.d","n.d","n.d","n.d","n.d","n.d","n.d","n.d","n.d","n.d","n.d","n.d","n.d","n.d","n.d","n.d","n.d","n.d","n.d","n.d","n.d","n.d","n.d","n.d","n.d","n.d","n.d","n.d","n.d","n.d","n.d","n.d","n.d","n.d","n.d","n.d","n.d","n.d","n.d","n.d","n.d","n.d","n.d","n.d","n.d","n.d","n.d","n.d","n.d","n.d","n.d","n.d","n.d","n.d","n.d","n.d","n.d","13.1","6.4","n.d","n.d"
"Jun-1993","n.d","n.d","n.d","n.d","n.d","n.d","n.d","n.d","n.d","n.d","n.d","n.d","n.d","n.d","n.d","n.d","n.d","n.d","n.d","n.d","n.d","n.d","n.d","n.d","n.d","n.d","n.d","n.d","n.d","n.d","n.d","n.d","n.d","n.d","n.d","n.d","n.d","n.d","n.d","n.d","n.d","n.d","n.d","n.d","n.d","n.d","n.d","n.d","n.d","n.d","n.d","n.d","n.d","n.d","n.d","n.d","n.d","n.d","n.d","n.d","n.d","n.d","n.d","n.d","n.d","n.d","n.d","n.d","n.d","n.d","n.d","n.d","n.d","n.d","n.d","n.d","n.d","n.d","n.d","n.d","n.d","n.d","12.9","6.4","n.d","n.d"
"Mar-1993","n.d","n.d","n.d","n.d","n.d","n.d","n.d","n.d","n.d","n.d","n.d","n.d","n.d","n.d","n.d","n.d","n.d","n.d","n.d","n.d","n.d","n.d","n.d","n.d","n.d","n.d","n.d","n.d","n.d","n.d","n.d","n.d","n.d","n.d","n.d","n.d","n.d","n.d","n.d","n.d","n.d","n.d","n.d","n.d","n.d","n.d","n.d","n.d","n.d","n.d","n.d","n.d","n.d","n.d","n.d","n.d","n.d","n.d","n.d","n.d","n.d","n.d","n.d","n.d","n.d","n.d","n.d","n.d","n.d","n.d","n.d","n.d","n.d","n.d","n.d","n.d","n.d","n.d","n.d","n.d","n.d","n.d","12.9","6.6","n.d","n.d"
"Dec-1992","n.d","n.d","n.d","n.d","n.d","n.d","n.d","n.d","n.d","n.d","n.d","n.d","n.d","n.d","n.d","n.d","n.d","n.d","n.d","n.d","n.d","n.d","n.d","n.d","n.d","n.d","n.d","n.d","n.d","n.d","n.d","n.d","n.d","n.d","n.d","n.d","n.d","n.d","n.d","n.d","n.d","n.d","n.d","n.d","n.d","n.d","n.d","n.d","n.d","n.d","n.d","n.d","n.d","n.d","n.d","n.d","n.d","n.d","n.d","n.d","n.d","n.d","n.d","n.d","n.d","n.d","n.d","n.d","n.d","n.d","n.d","n.d","n.d","n.d","n.d","n.d","n.d","n.d","n.d","n.d","n.d","n.d","12.9","6.4","n.d","n.d"
"Sep-1992","n.d","n.d","n.d","n.d","n.d","n.d","n.d","n.d","n.d","n.d","n.d","n.d","n.d","n.d","n.d","n.d","n.d","n.d","n.d","n.d","n.d","n.d","n.d","n.d","n.d","n.d","n.d","n.d","n.d","n.d","n.d","n.d","n.d","n.d","n.d","n.d","n.d","n.d","n.d","n.d","n.d","n.d","n.d","n.d","n.d","n.d","n.d","n.d","n.d","n.d","n.d","n.d","n.d","n.d","n.d","n.d","n.d","n.d","n.d","n.d","n.d","n.d","n.d","n.d","n.d","n.d","n.d","n.d","n.d","n.d","n.d","n.d","n.d","n.d","n.d","n.d","n.d","n.d","n.d","n.d","n.d","n.d","13.1","6.3","n.d","n.d"
"Jun-1992","n.d","n.d","n.d","n.d","n.d","n.d","n.d","n.d","n.d","n.d","n.d","n.d","n.d","n.d","n.d","n.d","n.d","n.d","n.d","n.d","n.d","n.d","n.d","n.d","n.d","n.d","n.d","n.d","n.d","n.d","n.d","n.d","n.d","n.d","n.d","n.d","n.d","n.d","n.d","n.d","n.d","n.d","n.d","n.d","n.d","n.d","n.d","n.d","n.d","n.d","n.d","n.d","n.d","n.d","n.d","n.d","n.d","n.d","n.d","n.d","n.d","n.d","n.d","n.d","n.d","n.d","n.d","n.d","n.d","n.d","n.d","n.d","n.d","n.d","n.d","n.d","n.d","n.d","n.d","n.d","n.d","n.d","12.6","6.4","n.d","n.d"
"Mar-1992","n.d","n.d","n.d","n.d","n.d","n.d","n.d","n.d","n.d","n.d","n.d","n.d","n.d","n.d","n.d","n.d","n.d","n.d","n.d","n.d","n.d","n.d","n.d","n.d","n.d","n.d","n.d","n.d","n.d","n.d","n.d","n.d","n.d","n.d","n.d","n.d","n.d","n.d","n.d","n.d","n.d","n.d","n.d","n.d","n.d","n.d","n.d","n.d","n.d","n.d","n.d","n.d","n.d","n.d","n.d","n.d","n.d","n.d","n.d","n.d","n.d","n.d","n.d","n.d","n.d","n.d","n.d","n.d","n.d","n.d","n.d","n.d","n.d","n.d","n.d","n.d","n.d","n.d","n.d","n.d","n.d","n.d","12.6","6.2","n.d","n.d"
"Dec-1991","n.d","n.d","n.d","n.d","n.d","n.d","n.d","n.d","n.d","n.d","n.d","n.d","n.d","n.d","n.d","n.d","n.d","n.d","n.d","n.d","n.d","n.d","n.d","n.d","n.d","n.d","n.d","n.d","n.d","n.d","n.d","n.d","n.d","n.d","n.d","n.d","n.d","n.d","n.d","n.d","n.d","n.d","n.d","n.d","n.d","n.d","n.d","n.d","n.d","n.d","n.d","n.d","n.d","n.d","n.d","n.d","n.d","n.d","n.d","n.d","n.d","n.d","n.d","n.d","n.d","n.d","n.d","n.d","n.d","n.d","n.d","n.d","n.d","n.d","n.d","n.d","n.d","n.d","n.d","n.d","n.d","n.d","12.2","5.7","n.d","n.d"
"Sep-1991","n.d","n.d","n.d","n.d","n.d","n.d","n.d","n.d","n.d","n.d","n.d","n.d","n.d","n.d","n.d","n.d","n.d","n.d","n.d","n.d","n.d","n.d","n.d","n.d","n.d","n.d","n.d","n.d","n.d","n.d","n.d","n.d","n.d","n.d","n.d","n.d","n.d","n.d","n.d","n.d","n.d","n.d","n.d","n.d","n.d","n.d","n.d","n.d","n.d","n.d","n.d","n.d","n.d","n.d","n.d","n.d","n.d","n.d","n.d","n.d","n.d","n.d","n.d","n.d","n.d","n.d","n.d","n.d","n.d","n.d","n.d","n.d","n.d","n.d","n.d","n.d","n.d","n.d","n.d","n.d","n.d","n.d","11.7","5.4","n.d","n.d"
"Jun-1991","n.d","n.d","n.d","n.d","n.d","n.d","n.d","n.d","n.d","n.d","n.d","n.d","n.d","n.d","n.d","n.d","n.d","n.d","n.d","n.d","n.d","n.d","n.d","n.d","n.d","n.d","n.d","n.d","n.d","n.d","n.d","n.d","n.d","n.d","n.d","n.d","n.d","n.d","n.d","n.d","n.d","n.d","n.d","n.d","n.d","n.d","n.d","n.d","n.d","n.d","n.d","n.d","n.d","n.d","n.d","n.d","n.d","n.d","n.d","n.d","n.d","n.d","n.d","n.d","n.d","n.d","n.d","n.d","n.d","n.d","n.d","n.d","n.d","n.d","n.d","n.d","n.d","n.d","n.d","n.d","n.d","n.d","11.5","5.4","n.d","n.d"
"Mar-1991","n.d","n.d","n.d","n.d","n.d","n.d","n.d","n.d","n.d","n.d","n.d","n.d","n.d","n.d","n.d","n.d","n.d","n.d","n.d","n.d","n.d","n.d","n.d","n.d","n.d","n.d","n.d","n.d","n.d","n.d","n.d","n.d","n.d","n.d","n.d","n.d","n.d","n.d","n.d","n.d","n.d","n.d","n.d","n.d","n.d","n.d","n.d","n.d","n.d","n.d","n.d","n.d","n.d","n.d","n.d","n.d","n.d","n.d","n.d","n.d","n.d","n.d","n.d","n.d","n.d","n.d","n.d","n.d","n.d","n.d","n.d","n.d","n.d","n.d","n.d","n.d","n.d","n.d","n.d","n.d","n.d","n.d","11.6","5.5","n.d","n.d"